offer_id,request_id,supplier_id,unit_price,available_quantity,delivery_days,warranty_months,technical_compliance,is_synthetic,synthetic_notice
OFR-00001,REQ-0001,SUP-086,304.20,23,12,3,true,true,FICTIONAL AND SYNTHETIC — FOR RESEARCH AND DEMONSTRATION ONLY. NOT A REAL PROCUREMENT RECORD OR DECISION. NO UAE GOVERNMENT COMMISSIONING OR ENDORSEMENT.
OFR-00002,REQ-0001,SUP-044,208.00,28,4,3,true,true,FICTIONAL AND SYNTHETIC — FOR RESEARCH AND DEMONSTRATION ONLY. NOT A REAL PROCUREMENT RECORD OR DECISION. NO UAE GOVERNMENT COMMISSIONING OR ENDORSEMENT.
OFR-00003,REQ-0001,SUP-026,221.00,23,33,3,true,true,FICTIONAL AND SYNTHETIC — FOR RESEARCH AND DEMONSTRATION ONLY. NOT A REAL PROCUREMENT RECORD OR DECISION. NO UAE GOVERNMENT COMMISSIONING OR ENDORSEMENT.
OFR-00004,REQ-0001,SUP-050,304.20,19,51,18,false,true,FICTIONAL AND SYNTHETIC — FOR RESEARCH AND DEMONSTRATION ONLY. NOT A REAL PROCUREMENT RECORD OR DECISION. NO UAE GOVERNMENT COMMISSIONING OR ENDORSEMENT.
OFR-00005,REQ-0001,SUP-014,228.80,28,36,24,true,true,FICTIONAL AND SYNTHETIC — FOR RESEARCH AND DEMONSTRATION ONLY. NOT A REAL PROCUREMENT RECORD OR DECISION. NO UAE GOVERNMENT COMMISSIONING OR ENDORSEMENT.
OFR-00006,REQ-0002,SUP-096,1050.00,27,39,3,true,true,FICTIONAL AND SYNTHETIC — FOR RESEARCH AND DEMONSTRATION ONLY. NOT A REAL PROCUREMENT RECORD OR DECISION. NO UAE GOVERNMENT COMMISSIONING OR ENDORSEMENT.
OFR-00007,REQ-0002,SUP-072,1300.00,25,37,18,true,true,FICTIONAL AND SYNTHETIC — FOR RESEARCH AND DEMONSTRATION ONLY. NOT A REAL PROCUREMENT RECORD OR DECISION. NO UAE GOVERNMENT COMMISSIONING OR ENDORSEMENT.
OFR-00008,REQ-0002,SUP-094,1425.00,25,15,24,true,true,FICTIONAL AND SYNTHETIC — FOR RESEARCH AND DEMONSTRATION ONLY. NOT A REAL PROCUREMENT RECORD OR DECISION. NO UAE GOVERNMENT COMMISSIONING OR ENDORSEMENT.
OFR-00009,REQ-0002,SUP-073,1225.00,26,63,12,true,true,FICTIONAL AND SYNTHETIC — FOR RESEARCH AND DEMONSTRATION ONLY. NOT A REAL PROCUREMENT RECORD OR DECISION. NO UAE GOVERNMENT COMMISSIONING OR ENDORSEMENT.
OFR-00010,REQ-0002,SUP-093,1037.50,15,5,24,true,true,FICTIONAL AND SYNTHETIC — FOR RESEARCH AND DEMONSTRATION ONLY. NOT A REAL PROCUREMENT RECORD OR DECISION. NO UAE GOVERNMENT COMMISSIONING OR ENDORSEMENT.
OFR-00011,REQ-0003,SUP-033,1862.00,9,21,3,true,true,FICTIONAL AND SYNTHETIC — FOR RESEARCH AND DEMONSTRATION ONLY. NOT A REAL PROCUREMENT RECORD OR DECISION. NO UAE GOVERNMENT COMMISSIONING OR ENDORSEMENT.
OFR-00012,REQ-0003,SUP-078,1805.00,10,15,24,true,true,FICTIONAL AND SYNTHETIC — FOR RESEARCH AND DEMONSTRATION ONLY. NOT A REAL PROCUREMENT RECORD OR DECISION. NO UAE GOVERNMENT COMMISSIONING OR ENDORSEMENT.
OFR-00013,REQ-0003,SUP-079,2109.00,10,13,12,true,true,FICTIONAL AND SYNTHETIC — FOR RESEARCH AND DEMONSTRATION ONLY. NOT A REAL PROCUREMENT RECORD OR DECISION. NO UAE GOVERNMENT COMMISSIONING OR ENDORSEMENT.
OFR-00014,REQ-0003,SUP-059,1767.00,6,23,12,true,true,FICTIONAL AND SYNTHETIC — FOR RESEARCH AND DEMONSTRATION ONLY. NOT A REAL PROCUREMENT RECORD OR DECISION. NO UAE GOVERNMENT COMMISSIONING OR ENDORSEMENT.
OFR-00015,REQ-0003,SUP-053,2166.00,8,36,18,true,true,FICTIONAL AND SYNTHETIC — FOR RESEARCH AND DEMONSTRATION ONLY. NOT A REAL PROCUREMENT RECORD OR DECISION. NO UAE GOVERNMENT COMMISSIONING OR ENDORSEMENT.
OFR-00016,REQ-0004,SUP-069,16.10,1235,3,6,true,true,FICTIONAL AND SYNTHETIC — FOR RESEARCH AND DEMONSTRATION ONLY. NOT A REAL PROCUREMENT RECORD OR DECISION. NO UAE GOVERNMENT COMMISSIONING OR ENDORSEMENT.
OFR-00017,REQ-0004,SUP-088,14.42,1143,8,12,true,true,FICTIONAL AND SYNTHETIC — FOR RESEARCH AND DEMONSTRATION ONLY. NOT A REAL PROCUREMENT RECORD OR DECISION. NO UAE GOVERNMENT COMMISSIONING OR ENDORSEMENT.
OFR-00018,REQ-0004,SUP-061,13.16,1569,1,18,true,true,FICTIONAL AND SYNTHETIC — FOR RESEARCH AND DEMONSTRATION ONLY. NOT A REAL PROCUREMENT RECORD OR DECISION. NO UAE GOVERNMENT COMMISSIONING OR ENDORSEMENT.
OFR-00019,REQ-0004,SUP-013,12.32,1194,28,3,false,true,FICTIONAL AND SYNTHETIC — FOR RESEARCH AND DEMONSTRATION ONLY. NOT A REAL PROCUREMENT RECORD OR DECISION. NO UAE GOVERNMENT COMMISSIONING OR ENDORSEMENT.
OFR-00020,REQ-0004,SUP-023,14.28,656,2,3,true,true,FICTIONAL AND SYNTHETIC — FOR RESEARCH AND DEMONSTRATION ONLY. NOT A REAL PROCUREMENT RECORD OR DECISION. NO UAE GOVERNMENT COMMISSIONING OR ENDORSEMENT.
OFR-00021,REQ-0005,SUP-020,74.10,277,21,3,true,true,FICTIONAL AND SYNTHETIC — FOR RESEARCH AND DEMONSTRATION ONLY. NOT A REAL PROCUREMENT RECORD OR DECISION. NO UAE GOVERNMENT COMMISSIONING OR ENDORSEMENT.
OFR-00022,REQ-0005,SUP-089,67.60,285,22,12,true,true,FICTIONAL AND SYNTHETIC — FOR RESEARCH AND DEMONSTRATION ONLY. NOT A REAL PROCUREMENT RECORD OR DECISION. NO UAE GOVERNMENT COMMISSIONING OR ENDORSEMENT.
OFR-00023,REQ-0005,SUP-010,56.55,247,15,6,true,true,FICTIONAL AND SYNTHETIC — FOR RESEARCH AND DEMONSTRATION ONLY. NOT A REAL PROCUREMENT RECORD OR DECISION. NO UAE GOVERNMENT COMMISSIONING OR ENDORSEMENT.
OFR-00024,REQ-0005,SUP-088,52.65,265,29,24,false,true,FICTIONAL AND SYNTHETIC — FOR RESEARCH AND DEMONSTRATION ONLY. NOT A REAL PROCUREMENT RECORD OR DECISION. NO UAE GOVERNMENT COMMISSIONING OR ENDORSEMENT.
OFR-00025,REQ-0005,SUP-055,56.55,126,41,3,true,true,FICTIONAL AND SYNTHETIC — FOR RESEARCH AND DEMONSTRATION ONLY. NOT A REAL PROCUREMENT RECORD OR DECISION. NO UAE GOVERNMENT COMMISSIONING OR ENDORSEMENT.
OFR-00026,REQ-0006,SUP-065,228.80,26,5,24,true,true,FICTIONAL AND SYNTHETIC — FOR RESEARCH AND DEMONSTRATION ONLY. NOT A REAL PROCUREMENT RECORD OR DECISION. NO UAE GOVERNMENT COMMISSIONING OR ENDORSEMENT.
OFR-00027,REQ-0006,SUP-046,223.60,29,12,6,true,true,FICTIONAL AND SYNTHETIC — FOR RESEARCH AND DEMONSTRATION ONLY. NOT A REAL PROCUREMENT RECORD OR DECISION. NO UAE GOVERNMENT COMMISSIONING OR ENDORSEMENT.
OFR-00028,REQ-0006,SUP-069,291.20,23,8,12,true,true,FICTIONAL AND SYNTHETIC — FOR RESEARCH AND DEMONSTRATION ONLY. NOT A REAL PROCUREMENT RECORD OR DECISION. NO UAE GOVERNMENT COMMISSIONING OR ENDORSEMENT.
OFR-00029,REQ-0006,SUP-054,267.80,28,4,18,false,true,FICTIONAL AND SYNTHETIC — FOR RESEARCH AND DEMONSTRATION ONLY. NOT A REAL PROCUREMENT RECORD OR DECISION. NO UAE GOVERNMENT COMMISSIONING OR ENDORSEMENT.
OFR-00030,REQ-0006,SUP-016,228.80,16,5,6,false,true,FICTIONAL AND SYNTHETIC — FOR RESEARCH AND DEMONSTRATION ONLY. NOT A REAL PROCUREMENT RECORD OR DECISION. NO UAE GOVERNMENT COMMISSIONING OR ENDORSEMENT.
OFR-00031,REQ-0007,SUP-082,1487.50,32,8,12,true,true,FICTIONAL AND SYNTHETIC — FOR RESEARCH AND DEMONSTRATION ONLY. NOT A REAL PROCUREMENT RECORD OR DECISION. NO UAE GOVERNMENT COMMISSIONING OR ENDORSEMENT.
OFR-00032,REQ-0007,SUP-093,1275.00,31,5,3,true,true,FICTIONAL AND SYNTHETIC — FOR RESEARCH AND DEMONSTRATION ONLY. NOT A REAL PROCUREMENT RECORD OR DECISION. NO UAE GOVERNMENT COMMISSIONING OR ENDORSEMENT.
OFR-00033,REQ-0007,SUP-017,1412.50,30,15,12,true,true,FICTIONAL AND SYNTHETIC — FOR RESEARCH AND DEMONSTRATION ONLY. NOT A REAL PROCUREMENT RECORD OR DECISION. NO UAE GOVERNMENT COMMISSIONING OR ENDORSEMENT.
OFR-00034,REQ-0007,SUP-051,1262.50,18,22,18,false,true,FICTIONAL AND SYNTHETIC — FOR RESEARCH AND DEMONSTRATION ONLY. NOT A REAL PROCUREMENT RECORD OR DECISION. NO UAE GOVERNMENT COMMISSIONING OR ENDORSEMENT.
OFR-00035,REQ-0007,SUP-073,1100.00,31,31,18,true,true,FICTIONAL AND SYNTHETIC — FOR RESEARCH AND DEMONSTRATION ONLY. NOT A REAL PROCUREMENT RECORD OR DECISION. NO UAE GOVERNMENT COMMISSIONING OR ENDORSEMENT.
OFR-00036,REQ-0008,SUP-079,1900.00,26,25,12,true,true,FICTIONAL AND SYNTHETIC — FOR RESEARCH AND DEMONSTRATION ONLY. NOT A REAL PROCUREMENT RECORD OR DECISION. NO UAE GOVERNMENT COMMISSIONING OR ENDORSEMENT.
OFR-00037,REQ-0008,SUP-034,1957.00,21,23,12,true,true,FICTIONAL AND SYNTHETIC — FOR RESEARCH AND DEMONSTRATION ONLY. NOT A REAL PROCUREMENT RECORD OR DECISION. NO UAE GOVERNMENT COMMISSIONING OR ENDORSEMENT.
OFR-00038,REQ-0008,SUP-073,1577.00,19,16,18,true,true,FICTIONAL AND SYNTHETIC — FOR RESEARCH AND DEMONSTRATION ONLY. NOT A REAL PROCUREMENT RECORD OR DECISION. NO UAE GOVERNMENT COMMISSIONING OR ENDORSEMENT.
OFR-00039,REQ-0008,SUP-038,1786.00,11,38,3,false,true,FICTIONAL AND SYNTHETIC — FOR RESEARCH AND DEMONSTRATION ONLY. NOT A REAL PROCUREMENT RECORD OR DECISION. NO UAE GOVERNMENT COMMISSIONING OR ENDORSEMENT.
OFR-00040,REQ-0008,SUP-083,1824.00,19,4,12,true,true,FICTIONAL AND SYNTHETIC — FOR RESEARCH AND DEMONSTRATION ONLY. NOT A REAL PROCUREMENT RECORD OR DECISION. NO UAE GOVERNMENT COMMISSIONING OR ENDORSEMENT.
OFR-00041,REQ-0009,SUP-088,12.88,1046,11,6,true,true,FICTIONAL AND SYNTHETIC — FOR RESEARCH AND DEMONSTRATION ONLY. NOT A REAL PROCUREMENT RECORD OR DECISION. NO UAE GOVERNMENT COMMISSIONING OR ENDORSEMENT.
OFR-00042,REQ-0009,SUP-083,15.26,840,35,12,true,true,FICTIONAL AND SYNTHETIC — FOR RESEARCH AND DEMONSTRATION ONLY. NOT A REAL PROCUREMENT RECORD OR DECISION. NO UAE GOVERNMENT COMMISSIONING OR ENDORSEMENT.
OFR-00043,REQ-0009,SUP-071,15.12,1064,40,6,true,true,FICTIONAL AND SYNTHETIC — FOR RESEARCH AND DEMONSTRATION ONLY. NOT A REAL PROCUREMENT RECORD OR DECISION. NO UAE GOVERNMENT COMMISSIONING OR ENDORSEMENT.
OFR-00044,REQ-0009,SUP-061,16.80,889,13,18,true,true,FICTIONAL AND SYNTHETIC — FOR RESEARCH AND DEMONSTRATION ONLY. NOT A REAL PROCUREMENT RECORD OR DECISION. NO UAE GOVERNMENT COMMISSIONING OR ENDORSEMENT.
OFR-00045,REQ-0009,SUP-069,13.30,999,7,6,false,true,FICTIONAL AND SYNTHETIC — FOR RESEARCH AND DEMONSTRATION ONLY. NOT A REAL PROCUREMENT RECORD OR DECISION. NO UAE GOVERNMENT COMMISSIONING OR ENDORSEMENT.
OFR-00046,REQ-0010,SUP-033,54.60,316,20,24,true,true,FICTIONAL AND SYNTHETIC — FOR RESEARCH AND DEMONSTRATION ONLY. NOT A REAL PROCUREMENT RECORD OR DECISION. NO UAE GOVERNMENT COMMISSIONING OR ENDORSEMENT.
OFR-00047,REQ-0010,SUP-040,69.55,300,31,6,true,true,FICTIONAL AND SYNTHETIC — FOR RESEARCH AND DEMONSTRATION ONLY. NOT A REAL PROCUREMENT RECORD OR DECISION. NO UAE GOVERNMENT COMMISSIONING OR ENDORSEMENT.
OFR-00048,REQ-0010,SUP-030,64.35,226,26,12,true,true,FICTIONAL AND SYNTHETIC — FOR RESEARCH AND DEMONSTRATION ONLY. NOT A REAL PROCUREMENT RECORD OR DECISION. NO UAE GOVERNMENT COMMISSIONING OR ENDORSEMENT.
OFR-00049,REQ-0010,SUP-075,54.60,245,5,6,true,true,FICTIONAL AND SYNTHETIC — FOR RESEARCH AND DEMONSTRATION ONLY. NOT A REAL PROCUREMENT RECORD OR DECISION. NO UAE GOVERNMENT COMMISSIONING OR ENDORSEMENT.
OFR-00050,REQ-0010,SUP-085,73.45,143,43,18,true,true,FICTIONAL AND SYNTHETIC — FOR RESEARCH AND DEMONSTRATION ONLY. NOT A REAL PROCUREMENT RECORD OR DECISION. NO UAE GOVERNMENT COMMISSIONING OR ENDORSEMENT.
OFR-00051,REQ-0011,SUP-050,236.60,10,23,24,true,true,FICTIONAL AND SYNTHETIC — FOR RESEARCH AND DEMONSTRATION ONLY. NOT A REAL PROCUREMENT RECORD OR DECISION. NO UAE GOVERNMENT COMMISSIONING OR ENDORSEMENT.
OFR-00052,REQ-0011,SUP-013,249.60,10,18,12,true,true,FICTIONAL AND SYNTHETIC — FOR RESEARCH AND DEMONSTRATION ONLY. NOT A REAL PROCUREMENT RECORD OR DECISION. NO UAE GOVERNMENT COMMISSIONING OR ENDORSEMENT.
OFR-00053,REQ-0011,SUP-021,304.20,8,27,24,true,true,FICTIONAL AND SYNTHETIC — FOR RESEARCH AND DEMONSTRATION ONLY. NOT A REAL PROCUREMENT RECORD OR DECISION. NO UAE GOVERNMENT COMMISSIONING OR ENDORSEMENT.
OFR-00054,REQ-0011,SUP-084,265.20,4,11,24,true,true,FICTIONAL AND SYNTHETIC — FOR RESEARCH AND DEMONSTRATION ONLY. NOT A REAL PROCUREMENT RECORD OR DECISION. NO UAE GOVERNMENT COMMISSIONING OR ENDORSEMENT.
OFR-00055,REQ-0011,SUP-086,231.40,9,22,3,true,true,FICTIONAL AND SYNTHETIC — FOR RESEARCH AND DEMONSTRATION ONLY. NOT A REAL PROCUREMENT RECORD OR DECISION. NO UAE GOVERNMENT COMMISSIONING OR ENDORSEMENT.
OFR-00056,REQ-0012,SUP-022,1500.00,22,16,6,true,true,FICTIONAL AND SYNTHETIC — FOR RESEARCH AND DEMONSTRATION ONLY. NOT A REAL PROCUREMENT RECORD OR DECISION. NO UAE GOVERNMENT COMMISSIONING OR ENDORSEMENT.
OFR-00057,REQ-0012,SUP-082,1450.00,18,18,18,true,true,FICTIONAL AND SYNTHETIC — FOR RESEARCH AND DEMONSTRATION ONLY. NOT A REAL PROCUREMENT RECORD OR DECISION. NO UAE GOVERNMENT COMMISSIONING OR ENDORSEMENT.
OFR-00058,REQ-0012,SUP-012,1425.00,23,11,6,true,true,FICTIONAL AND SYNTHETIC — FOR RESEARCH AND DEMONSTRATION ONLY. NOT A REAL PROCUREMENT RECORD OR DECISION. NO UAE GOVERNMENT COMMISSIONING OR ENDORSEMENT.
OFR-00059,REQ-0012,SUP-035,1425.00,9,23,6,false,true,FICTIONAL AND SYNTHETIC — FOR RESEARCH AND DEMONSTRATION ONLY. NOT A REAL PROCUREMENT RECORD OR DECISION. NO UAE GOVERNMENT COMMISSIONING OR ENDORSEMENT.
OFR-00060,REQ-0012,SUP-032,1025.00,19,7,24,false,true,FICTIONAL AND SYNTHETIC — FOR RESEARCH AND DEMONSTRATION ONLY. NOT A REAL PROCUREMENT RECORD OR DECISION. NO UAE GOVERNMENT COMMISSIONING OR ENDORSEMENT.
OFR-00061,REQ-0013,SUP-092,2052.00,12,18,18,true,true,FICTIONAL AND SYNTHETIC — FOR RESEARCH AND DEMONSTRATION ONLY. NOT A REAL PROCUREMENT RECORD OR DECISION. NO UAE GOVERNMENT COMMISSIONING OR ENDORSEMENT.
OFR-00062,REQ-0013,SUP-079,1672.00,12,6,3,true,true,FICTIONAL AND SYNTHETIC — FOR RESEARCH AND DEMONSTRATION ONLY. NOT A REAL PROCUREMENT RECORD OR DECISION. NO UAE GOVERNMENT COMMISSIONING OR ENDORSEMENT.
OFR-00063,REQ-0013,SUP-014,2109.00,10,44,24,true,true,FICTIONAL AND SYNTHETIC — FOR RESEARCH AND DEMONSTRATION ONLY. NOT A REAL PROCUREMENT RECORD OR DECISION. NO UAE GOVERNMENT COMMISSIONING OR ENDORSEMENT.
OFR-00064,REQ-0013,SUP-025,1691.00,5,26,12,false,true,FICTIONAL AND SYNTHETIC — FOR RESEARCH AND DEMONSTRATION ONLY. NOT A REAL PROCUREMENT RECORD OR DECISION. NO UAE GOVERNMENT COMMISSIONING OR ENDORSEMENT.
OFR-00065,REQ-0013,SUP-048,1938.00,13,56,18,false,true,FICTIONAL AND SYNTHETIC — FOR RESEARCH AND DEMONSTRATION ONLY. NOT A REAL PROCUREMENT RECORD OR DECISION. NO UAE GOVERNMENT COMMISSIONING OR ENDORSEMENT.
OFR-00066,REQ-0014,SUP-023,13.30,1356,20,12,true,true,FICTIONAL AND SYNTHETIC — FOR RESEARCH AND DEMONSTRATION ONLY. NOT A REAL PROCUREMENT RECORD OR DECISION. NO UAE GOVERNMENT COMMISSIONING OR ENDORSEMENT.
OFR-00067,REQ-0014,SUP-074,16.66,1646,26,3,true,true,FICTIONAL AND SYNTHETIC — FOR RESEARCH AND DEMONSTRATION ONLY. NOT A REAL PROCUREMENT RECORD OR DECISION. NO UAE GOVERNMENT COMMISSIONING OR ENDORSEMENT.
OFR-00068,REQ-0014,SUP-008,15.96,1539,21,12,true,true,FICTIONAL AND SYNTHETIC — FOR RESEARCH AND DEMONSTRATION ONLY. NOT A REAL PROCUREMENT RECORD OR DECISION. NO UAE GOVERNMENT COMMISSIONING OR ENDORSEMENT.
OFR-00069,REQ-0014,SUP-052,14.84,1049,25,3,true,true,FICTIONAL AND SYNTHETIC — FOR RESEARCH AND DEMONSTRATION ONLY. NOT A REAL PROCUREMENT RECORD OR DECISION. NO UAE GOVERNMENT COMMISSIONING OR ENDORSEMENT.
OFR-00070,REQ-0014,SUP-060,12.60,946,60,24,false,true,FICTIONAL AND SYNTHETIC — FOR RESEARCH AND DEMONSTRATION ONLY. NOT A REAL PROCUREMENT RECORD OR DECISION. NO UAE GOVERNMENT COMMISSIONING OR ENDORSEMENT.
OFR-00071,REQ-0015,SUP-021,52.00,486,31,12,true,true,FICTIONAL AND SYNTHETIC — FOR RESEARCH AND DEMONSTRATION ONLY. NOT A REAL PROCUREMENT RECORD OR DECISION. NO UAE GOVERNMENT COMMISSIONING OR ENDORSEMENT.
OFR-00072,REQ-0015,SUP-088,72.80,495,34,24,true,true,FICTIONAL AND SYNTHETIC — FOR RESEARCH AND DEMONSTRATION ONLY. NOT A REAL PROCUREMENT RECORD OR DECISION. NO UAE GOVERNMENT COMMISSIONING OR ENDORSEMENT.
OFR-00073,REQ-0015,SUP-025,78.00,569,13,3,true,true,FICTIONAL AND SYNTHETIC — FOR RESEARCH AND DEMONSTRATION ONLY. NOT A REAL PROCUREMENT RECORD OR DECISION. NO UAE GOVERNMENT COMMISSIONING OR ENDORSEMENT.
OFR-00074,REQ-0015,SUP-090,66.95,345,38,6,true,true,FICTIONAL AND SYNTHETIC — FOR RESEARCH AND DEMONSTRATION ONLY. NOT A REAL PROCUREMENT RECORD OR DECISION. NO UAE GOVERNMENT COMMISSIONING OR ENDORSEMENT.
OFR-00075,REQ-0015,SUP-006,68.90,270,57,6,true,true,FICTIONAL AND SYNTHETIC — FOR RESEARCH AND DEMONSTRATION ONLY. NOT A REAL PROCUREMENT RECORD OR DECISION. NO UAE GOVERNMENT COMMISSIONING OR ENDORSEMENT.
OFR-00076,REQ-0016,SUP-071,213.20,58,1,18,true,true,FICTIONAL AND SYNTHETIC — FOR RESEARCH AND DEMONSTRATION ONLY. NOT A REAL PROCUREMENT RECORD OR DECISION. NO UAE GOVERNMENT COMMISSIONING OR ENDORSEMENT.
OFR-00077,REQ-0016,SUP-021,215.80,45,41,18,true,true,FICTIONAL AND SYNTHETIC — FOR RESEARCH AND DEMONSTRATION ONLY. NOT A REAL PROCUREMENT RECORD OR DECISION. NO UAE GOVERNMENT COMMISSIONING OR ENDORSEMENT.
OFR-00078,REQ-0016,SUP-065,299.00,57,19,18,true,true,FICTIONAL AND SYNTHETIC — FOR RESEARCH AND DEMONSTRATION ONLY. NOT A REAL PROCUREMENT RECORD OR DECISION. NO UAE GOVERNMENT COMMISSIONING OR ENDORSEMENT.
OFR-00079,REQ-0016,SUP-096,223.60,33,21,12,true,true,FICTIONAL AND SYNTHETIC — FOR RESEARCH AND DEMONSTRATION ONLY. NOT A REAL PROCUREMENT RECORD OR DECISION. NO UAE GOVERNMENT COMMISSIONING OR ENDORSEMENT.
OFR-00080,REQ-0016,SUP-014,278.20,46,30,24,true,true,FICTIONAL AND SYNTHETIC — FOR RESEARCH AND DEMONSTRATION ONLY. NOT A REAL PROCUREMENT RECORD OR DECISION. NO UAE GOVERNMENT COMMISSIONING OR ENDORSEMENT.
OFR-00081,REQ-0017,SUP-007,1437.50,8,16,12,true,true,FICTIONAL AND SYNTHETIC — FOR RESEARCH AND DEMONSTRATION ONLY. NOT A REAL PROCUREMENT RECORD OR DECISION. NO UAE GOVERNMENT COMMISSIONING OR ENDORSEMENT.
OFR-00082,REQ-0017,SUP-026,1125.00,6,31,24,true,true,FICTIONAL AND SYNTHETIC — FOR RESEARCH AND DEMONSTRATION ONLY. NOT A REAL PROCUREMENT RECORD OR DECISION. NO UAE GOVERNMENT COMMISSIONING OR ENDORSEMENT.
OFR-00083,REQ-0017,SUP-052,1400.00,9,30,12,true,true,FICTIONAL AND SYNTHETIC — FOR RESEARCH AND DEMONSTRATION ONLY. NOT A REAL PROCUREMENT RECORD OR DECISION. NO UAE GOVERNMENT COMMISSIONING OR ENDORSEMENT.
OFR-00084,REQ-0017,SUP-027,1112.50,5,25,12,false,true,FICTIONAL AND SYNTHETIC — FOR RESEARCH AND DEMONSTRATION ONLY. NOT A REAL PROCUREMENT RECORD OR DECISION. NO UAE GOVERNMENT COMMISSIONING OR ENDORSEMENT.
OFR-00085,REQ-0017,SUP-075,1075.00,8,31,24,false,true,FICTIONAL AND SYNTHETIC — FOR RESEARCH AND DEMONSTRATION ONLY. NOT A REAL PROCUREMENT RECORD OR DECISION. NO UAE GOVERNMENT COMMISSIONING OR ENDORSEMENT.
OFR-00086,REQ-0018,SUP-043,2147.00,10,32,12,true,true,FICTIONAL AND SYNTHETIC — FOR RESEARCH AND DEMONSTRATION ONLY. NOT A REAL PROCUREMENT RECORD OR DECISION. NO UAE GOVERNMENT COMMISSIONING OR ENDORSEMENT.
OFR-00087,REQ-0018,SUP-063,1748.00,12,27,12,true,true,FICTIONAL AND SYNTHETIC — FOR RESEARCH AND DEMONSTRATION ONLY. NOT A REAL PROCUREMENT RECORD OR DECISION. NO UAE GOVERNMENT COMMISSIONING OR ENDORSEMENT.
OFR-00088,REQ-0018,SUP-039,1862.00,13,35,3,true,true,FICTIONAL AND SYNTHETIC — FOR RESEARCH AND DEMONSTRATION ONLY. NOT A REAL PROCUREMENT RECORD OR DECISION. NO UAE GOVERNMENT COMMISSIONING OR ENDORSEMENT.
OFR-00089,REQ-0018,SUP-034,1691.00,13,14,6,true,true,FICTIONAL AND SYNTHETIC — FOR RESEARCH AND DEMONSTRATION ONLY. NOT A REAL PROCUREMENT RECORD OR DECISION. NO UAE GOVERNMENT COMMISSIONING OR ENDORSEMENT.
OFR-00090,REQ-0018,SUP-061,2052.00,5,40,6,true,true,FICTIONAL AND SYNTHETIC — FOR RESEARCH AND DEMONSTRATION ONLY. NOT A REAL PROCUREMENT RECORD OR DECISION. NO UAE GOVERNMENT COMMISSIONING OR ENDORSEMENT.
OFR-00091,REQ-0019,SUP-100,14.14,2446,2,12,true,true,FICTIONAL AND SYNTHETIC — FOR RESEARCH AND DEMONSTRATION ONLY. NOT A REAL PROCUREMENT RECORD OR DECISION. NO UAE GOVERNMENT COMMISSIONING OR ENDORSEMENT.
OFR-00092,REQ-0019,SUP-012,12.60,2251,2,12,true,true,FICTIONAL AND SYNTHETIC — FOR RESEARCH AND DEMONSTRATION ONLY. NOT A REAL PROCUREMENT RECORD OR DECISION. NO UAE GOVERNMENT COMMISSIONING OR ENDORSEMENT.
OFR-00093,REQ-0019,SUP-098,14.28,2648,19,6,true,true,FICTIONAL AND SYNTHETIC — FOR RESEARCH AND DEMONSTRATION ONLY. NOT A REAL PROCUREMENT RECORD OR DECISION. NO UAE GOVERNMENT COMMISSIONING OR ENDORSEMENT.
OFR-00094,REQ-0019,SUP-001,12.88,2148,26,24,true,true,FICTIONAL AND SYNTHETIC — FOR RESEARCH AND DEMONSTRATION ONLY. NOT A REAL PROCUREMENT RECORD OR DECISION. NO UAE GOVERNMENT COMMISSIONING OR ENDORSEMENT.
OFR-00095,REQ-0019,SUP-049,14.84,987,19,24,false,true,FICTIONAL AND SYNTHETIC — FOR RESEARCH AND DEMONSTRATION ONLY. NOT A REAL PROCUREMENT RECORD OR DECISION. NO UAE GOVERNMENT COMMISSIONING OR ENDORSEMENT.
OFR-00096,REQ-0020,SUP-095,68.25,146,4,18,true,true,FICTIONAL AND SYNTHETIC — FOR RESEARCH AND DEMONSTRATION ONLY. NOT A REAL PROCUREMENT RECORD OR DECISION. NO UAE GOVERNMENT COMMISSIONING OR ENDORSEMENT.
OFR-00097,REQ-0020,SUP-060,59.15,172,7,24,true,true,FICTIONAL AND SYNTHETIC — FOR RESEARCH AND DEMONSTRATION ONLY. NOT A REAL PROCUREMENT RECORD OR DECISION. NO UAE GOVERNMENT COMMISSIONING OR ENDORSEMENT.
OFR-00098,REQ-0020,SUP-010,74.75,118,2,6,true,true,FICTIONAL AND SYNTHETIC — FOR RESEARCH AND DEMONSTRATION ONLY. NOT A REAL PROCUREMENT RECORD OR DECISION. NO UAE GOVERNMENT COMMISSIONING OR ENDORSEMENT.
OFR-00099,REQ-0020,SUP-025,73.45,106,1,24,true,true,FICTIONAL AND SYNTHETIC — FOR RESEARCH AND DEMONSTRATION ONLY. NOT A REAL PROCUREMENT RECORD OR DECISION. NO UAE GOVERNMENT COMMISSIONING OR ENDORSEMENT.
OFR-00100,REQ-0020,SUP-070,66.30,143,4,24,true,true,FICTIONAL AND SYNTHETIC — FOR RESEARCH AND DEMONSTRATION ONLY. NOT A REAL PROCUREMENT RECORD OR DECISION. NO UAE GOVERNMENT COMMISSIONING OR ENDORSEMENT.
OFR-00101,REQ-0021,SUP-001,262.60,70,4,3,true,true,FICTIONAL AND SYNTHETIC — FOR RESEARCH AND DEMONSTRATION ONLY. NOT A REAL PROCUREMENT RECORD OR DECISION. NO UAE GOVERNMENT COMMISSIONING OR ENDORSEMENT.
OFR-00102,REQ-0021,SUP-074,231.40,63,1,24,true,true,FICTIONAL AND SYNTHETIC — FOR RESEARCH AND DEMONSTRATION ONLY. NOT A REAL PROCUREMENT RECORD OR DECISION. NO UAE GOVERNMENT COMMISSIONING OR ENDORSEMENT.
OFR-00103,REQ-0021,SUP-061,228.80,70,6,12,true,true,FICTIONAL AND SYNTHETIC — FOR RESEARCH AND DEMONSTRATION ONLY. NOT A REAL PROCUREMENT RECORD OR DECISION. NO UAE GOVERNMENT COMMISSIONING OR ENDORSEMENT.
OFR-00104,REQ-0021,SUP-078,306.80,64,26,24,true,true,FICTIONAL AND SYNTHETIC — FOR RESEARCH AND DEMONSTRATION ONLY. NOT A REAL PROCUREMENT RECORD OR DECISION. NO UAE GOVERNMENT COMMISSIONING OR ENDORSEMENT.
OFR-00105,REQ-0021,SUP-065,223.60,29,2,6,false,true,FICTIONAL AND SYNTHETIC — FOR RESEARCH AND DEMONSTRATION ONLY. NOT A REAL PROCUREMENT RECORD OR DECISION. NO UAE GOVERNMENT COMMISSIONING OR ENDORSEMENT.
OFR-00106,REQ-0022,SUP-037,1387.50,6,16,24,true,true,FICTIONAL AND SYNTHETIC — FOR RESEARCH AND DEMONSTRATION ONLY. NOT A REAL PROCUREMENT RECORD OR DECISION. NO UAE GOVERNMENT COMMISSIONING OR ENDORSEMENT.
OFR-00107,REQ-0022,SUP-082,1387.50,8,34,6,true,true,FICTIONAL AND SYNTHETIC — FOR RESEARCH AND DEMONSTRATION ONLY. NOT A REAL PROCUREMENT RECORD OR DECISION. NO UAE GOVERNMENT COMMISSIONING OR ENDORSEMENT.
OFR-00108,REQ-0022,SUP-035,1012.50,8,3,12,true,true,FICTIONAL AND SYNTHETIC — FOR RESEARCH AND DEMONSTRATION ONLY. NOT A REAL PROCUREMENT RECORD OR DECISION. NO UAE GOVERNMENT COMMISSIONING OR ENDORSEMENT.
OFR-00109,REQ-0022,SUP-067,1162.50,6,50,6,false,true,FICTIONAL AND SYNTHETIC — FOR RESEARCH AND DEMONSTRATION ONLY. NOT A REAL PROCUREMENT RECORD OR DECISION. NO UAE GOVERNMENT COMMISSIONING OR ENDORSEMENT.
OFR-00110,REQ-0022,SUP-026,1237.50,5,10,6,true,true,FICTIONAL AND SYNTHETIC — FOR RESEARCH AND DEMONSTRATION ONLY. NOT A REAL PROCUREMENT RECORD OR DECISION. NO UAE GOVERNMENT COMMISSIONING OR ENDORSEMENT.
OFR-00111,REQ-0023,SUP-092,2014.00,6,10,3,true,true,FICTIONAL AND SYNTHETIC — FOR RESEARCH AND DEMONSTRATION ONLY. NOT A REAL PROCUREMENT RECORD OR DECISION. NO UAE GOVERNMENT COMMISSIONING OR ENDORSEMENT.
OFR-00112,REQ-0023,SUP-058,1558.00,8,40,12,true,true,FICTIONAL AND SYNTHETIC — FOR RESEARCH AND DEMONSTRATION ONLY. NOT A REAL PROCUREMENT RECORD OR DECISION. NO UAE GOVERNMENT COMMISSIONING OR ENDORSEMENT.
OFR-00113,REQ-0023,SUP-019,1995.00,8,28,18,true,true,FICTIONAL AND SYNTHETIC — FOR RESEARCH AND DEMONSTRATION ONLY. NOT A REAL PROCUREMENT RECORD OR DECISION. NO UAE GOVERNMENT COMMISSIONING OR ENDORSEMENT.
OFR-00114,REQ-0023,SUP-080,1862.00,4,64,18,false,true,FICTIONAL AND SYNTHETIC — FOR RESEARCH AND DEMONSTRATION ONLY. NOT A REAL PROCUREMENT RECORD OR DECISION. NO UAE GOVERNMENT COMMISSIONING OR ENDORSEMENT.
OFR-00115,REQ-0023,SUP-048,1558.00,7,31,12,true,true,FICTIONAL AND SYNTHETIC — FOR RESEARCH AND DEMONSTRATION ONLY. NOT A REAL PROCUREMENT RECORD OR DECISION. NO UAE GOVERNMENT COMMISSIONING OR ENDORSEMENT.
OFR-00116,REQ-0024,SUP-088,16.66,504,36,24,true,true,FICTIONAL AND SYNTHETIC — FOR RESEARCH AND DEMONSTRATION ONLY. NOT A REAL PROCUREMENT RECORD OR DECISION. NO UAE GOVERNMENT COMMISSIONING OR ENDORSEMENT.
OFR-00117,REQ-0024,SUP-096,14.42,565,26,18,true,true,FICTIONAL AND SYNTHETIC — FOR RESEARCH AND DEMONSTRATION ONLY. NOT A REAL PROCUREMENT RECORD OR DECISION. NO UAE GOVERNMENT COMMISSIONING OR ENDORSEMENT.
OFR-00118,REQ-0024,SUP-038,13.16,473,10,3,true,true,FICTIONAL AND SYNTHETIC — FOR RESEARCH AND DEMONSTRATION ONLY. NOT A REAL PROCUREMENT RECORD OR DECISION. NO UAE GOVERNMENT COMMISSIONING OR ENDORSEMENT.
OFR-00119,REQ-0024,SUP-019,13.30,275,42,6,true,true,FICTIONAL AND SYNTHETIC — FOR RESEARCH AND DEMONSTRATION ONLY. NOT A REAL PROCUREMENT RECORD OR DECISION. NO UAE GOVERNMENT COMMISSIONING OR ENDORSEMENT.
OFR-00120,REQ-0024,SUP-024,15.12,264,27,12,true,true,FICTIONAL AND SYNTHETIC — FOR RESEARCH AND DEMONSTRATION ONLY. NOT A REAL PROCUREMENT RECORD OR DECISION. NO UAE GOVERNMENT COMMISSIONING OR ENDORSEMENT.
OFR-00121,REQ-0025,SUP-025,59.15,116,1,6,true,true,FICTIONAL AND SYNTHETIC — FOR RESEARCH AND DEMONSTRATION ONLY. NOT A REAL PROCUREMENT RECORD OR DECISION. NO UAE GOVERNMENT COMMISSIONING OR ENDORSEMENT.
OFR-00122,REQ-0025,SUP-049,60.45,139,11,24,true,true,FICTIONAL AND SYNTHETIC — FOR RESEARCH AND DEMONSTRATION ONLY. NOT A REAL PROCUREMENT RECORD OR DECISION. NO UAE GOVERNMENT COMMISSIONING OR ENDORSEMENT.
OFR-00123,REQ-0025,SUP-089,73.45,95,15,24,true,true,FICTIONAL AND SYNTHETIC — FOR RESEARCH AND DEMONSTRATION ONLY. NOT A REAL PROCUREMENT RECORD OR DECISION. NO UAE GOVERNMENT COMMISSIONING OR ENDORSEMENT.
OFR-00124,REQ-0025,SUP-026,74.75,55,23,12,true,true,FICTIONAL AND SYNTHETIC — FOR RESEARCH AND DEMONSTRATION ONLY. NOT A REAL PROCUREMENT RECORD OR DECISION. NO UAE GOVERNMENT COMMISSIONING OR ENDORSEMENT.
OFR-00125,REQ-0025,SUP-020,70.85,49,11,24,true,true,FICTIONAL AND SYNTHETIC — FOR RESEARCH AND DEMONSTRATION ONLY. NOT A REAL PROCUREMENT RECORD OR DECISION. NO UAE GOVERNMENT COMMISSIONING OR ENDORSEMENT.
OFR-00126,REQ-0026,SUP-013,231.40,63,18,6,true,true,FICTIONAL AND SYNTHETIC — FOR RESEARCH AND DEMONSTRATION ONLY. NOT A REAL PROCUREMENT RECORD OR DECISION. NO UAE GOVERNMENT COMMISSIONING OR ENDORSEMENT.
OFR-00127,REQ-0026,SUP-084,221.00,59,13,6,true,true,FICTIONAL AND SYNTHETIC — FOR RESEARCH AND DEMONSTRATION ONLY. NOT A REAL PROCUREMENT RECORD OR DECISION. NO UAE GOVERNMENT COMMISSIONING OR ENDORSEMENT.
OFR-00128,REQ-0026,SUP-086,215.80,54,24,24,true,true,FICTIONAL AND SYNTHETIC — FOR RESEARCH AND DEMONSTRATION ONLY. NOT A REAL PROCUREMENT RECORD OR DECISION. NO UAE GOVERNMENT COMMISSIONING OR ENDORSEMENT.
OFR-00129,REQ-0026,SUP-018,309.40,34,18,24,true,true,FICTIONAL AND SYNTHETIC — FOR RESEARCH AND DEMONSTRATION ONLY. NOT A REAL PROCUREMENT RECORD OR DECISION. NO UAE GOVERNMENT COMMISSIONING OR ENDORSEMENT.
OFR-00130,REQ-0026,SUP-096,213.20,42,10,12,false,true,FICTIONAL AND SYNTHETIC — FOR RESEARCH AND DEMONSTRATION ONLY. NOT A REAL PROCUREMENT RECORD OR DECISION. NO UAE GOVERNMENT COMMISSIONING OR ENDORSEMENT.
OFR-00131,REQ-0027,SUP-047,1312.50,38,9,24,true,true,FICTIONAL AND SYNTHETIC — FOR RESEARCH AND DEMONSTRATION ONLY. NOT A REAL PROCUREMENT RECORD OR DECISION. NO UAE GOVERNMENT COMMISSIONING OR ENDORSEMENT.
OFR-00132,REQ-0027,SUP-036,1400.00,39,10,18,true,true,FICTIONAL AND SYNTHETIC — FOR RESEARCH AND DEMONSTRATION ONLY. NOT A REAL PROCUREMENT RECORD OR DECISION. NO UAE GOVERNMENT COMMISSIONING OR ENDORSEMENT.
OFR-00133,REQ-0027,SUP-033,1187.50,42,12,18,true,true,FICTIONAL AND SYNTHETIC — FOR RESEARCH AND DEMONSTRATION ONLY. NOT A REAL PROCUREMENT RECORD OR DECISION. NO UAE GOVERNMENT COMMISSIONING OR ENDORSEMENT.
OFR-00134,REQ-0027,SUP-032,1075.00,14,24,18,true,true,FICTIONAL AND SYNTHETIC — FOR RESEARCH AND DEMONSTRATION ONLY. NOT A REAL PROCUREMENT RECORD OR DECISION. NO UAE GOVERNMENT COMMISSIONING OR ENDORSEMENT.
OFR-00135,REQ-0027,SUP-086,1075.00,26,9,6,false,true,FICTIONAL AND SYNTHETIC — FOR RESEARCH AND DEMONSTRATION ONLY. NOT A REAL PROCUREMENT RECORD OR DECISION. NO UAE GOVERNMENT COMMISSIONING OR ENDORSEMENT.
OFR-00136,REQ-0028,SUP-028,1577.00,10,16,24,true,true,FICTIONAL AND SYNTHETIC — FOR RESEARCH AND DEMONSTRATION ONLY. NOT A REAL PROCUREMENT RECORD OR DECISION. NO UAE GOVERNMENT COMMISSIONING OR ENDORSEMENT.
OFR-00137,REQ-0028,SUP-093,1995.00,8,11,24,true,true,FICTIONAL AND SYNTHETIC — FOR RESEARCH AND DEMONSTRATION ONLY. NOT A REAL PROCUREMENT RECORD OR DECISION. NO UAE GOVERNMENT COMMISSIONING OR ENDORSEMENT.
OFR-00138,REQ-0028,SUP-019,1805.00,10,22,24,true,true,FICTIONAL AND SYNTHETIC — FOR RESEARCH AND DEMONSTRATION ONLY. NOT A REAL PROCUREMENT RECORD OR DECISION. NO UAE GOVERNMENT COMMISSIONING OR ENDORSEMENT.
OFR-00139,REQ-0028,SUP-039,2280.00,8,13,18,true,true,FICTIONAL AND SYNTHETIC — FOR RESEARCH AND DEMONSTRATION ONLY. NOT A REAL PROCUREMENT RECORD OR DECISION. NO UAE GOVERNMENT COMMISSIONING OR ENDORSEMENT.
OFR-00140,REQ-0028,SUP-082,1615.00,10,39,3,true,true,FICTIONAL AND SYNTHETIC — FOR RESEARCH AND DEMONSTRATION ONLY. NOT A REAL PROCUREMENT RECORD OR DECISION. NO UAE GOVERNMENT COMMISSIONING OR ENDORSEMENT.
OFR-00141,REQ-0029,SUP-013,12.32,152,7,12,true,true,FICTIONAL AND SYNTHETIC — FOR RESEARCH AND DEMONSTRATION ONLY. NOT A REAL PROCUREMENT RECORD OR DECISION. NO UAE GOVERNMENT COMMISSIONING OR ENDORSEMENT.
OFR-00142,REQ-0029,SUP-012,13.02,165,1,6,true,true,FICTIONAL AND SYNTHETIC — FOR RESEARCH AND DEMONSTRATION ONLY. NOT A REAL PROCUREMENT RECORD OR DECISION. NO UAE GOVERNMENT COMMISSIONING OR ENDORSEMENT.
OFR-00143,REQ-0029,SUP-089,12.04,195,2,3,true,true,FICTIONAL AND SYNTHETIC — FOR RESEARCH AND DEMONSTRATION ONLY. NOT A REAL PROCUREMENT RECORD OR DECISION. NO UAE GOVERNMENT COMMISSIONING OR ENDORSEMENT.
OFR-00144,REQ-0029,SUP-100,12.60,105,19,3,true,true,FICTIONAL AND SYNTHETIC — FOR RESEARCH AND DEMONSTRATION ONLY. NOT A REAL PROCUREMENT RECORD OR DECISION. NO UAE GOVERNMENT COMMISSIONING OR ENDORSEMENT.
OFR-00145,REQ-0029,SUP-047,14.70,156,26,12,true,true,FICTIONAL AND SYNTHETIC — FOR RESEARCH AND DEMONSTRATION ONLY. NOT A REAL PROCUREMENT RECORD OR DECISION. NO UAE GOVERNMENT COMMISSIONING OR ENDORSEMENT.
OFR-00146,REQ-0030,SUP-039,64.35,76,7,12,true,true,FICTIONAL AND SYNTHETIC — FOR RESEARCH AND DEMONSTRATION ONLY. NOT A REAL PROCUREMENT RECORD OR DECISION. NO UAE GOVERNMENT COMMISSIONING OR ENDORSEMENT.
OFR-00147,REQ-0030,SUP-080,70.85,81,28,18,true,true,FICTIONAL AND SYNTHETIC — FOR RESEARCH AND DEMONSTRATION ONLY. NOT A REAL PROCUREMENT RECORD OR DECISION. NO UAE GOVERNMENT COMMISSIONING OR ENDORSEMENT.
OFR-00148,REQ-0030,SUP-006,61.10,99,12,24,true,true,FICTIONAL AND SYNTHETIC — FOR RESEARCH AND DEMONSTRATION ONLY. NOT A REAL PROCUREMENT RECORD OR DECISION. NO UAE GOVERNMENT COMMISSIONING OR ENDORSEMENT.
OFR-00149,REQ-0030,SUP-060,77.35,41,3,6,true,true,FICTIONAL AND SYNTHETIC — FOR RESEARCH AND DEMONSTRATION ONLY. NOT A REAL PROCUREMENT RECORD OR DECISION. NO UAE GOVERNMENT COMMISSIONING OR ENDORSEMENT.
OFR-00150,REQ-0030,SUP-005,66.30,61,16,24,true,true,FICTIONAL AND SYNTHETIC — FOR RESEARCH AND DEMONSTRATION ONLY. NOT A REAL PROCUREMENT RECORD OR DECISION. NO UAE GOVERNMENT COMMISSIONING OR ENDORSEMENT.
OFR-00151,REQ-0031,SUP-021,267.80,41,20,6,true,true,FICTIONAL AND SYNTHETIC — FOR RESEARCH AND DEMONSTRATION ONLY. NOT A REAL PROCUREMENT RECORD OR DECISION. NO UAE GOVERNMENT COMMISSIONING OR ENDORSEMENT.
OFR-00152,REQ-0031,SUP-081,239.20,43,7,3,true,true,FICTIONAL AND SYNTHETIC — FOR RESEARCH AND DEMONSTRATION ONLY. NOT A REAL PROCUREMENT RECORD OR DECISION. NO UAE GOVERNMENT COMMISSIONING OR ENDORSEMENT.
OFR-00153,REQ-0031,SUP-036,231.40,37,2,12,true,true,FICTIONAL AND SYNTHETIC — FOR RESEARCH AND DEMONSTRATION ONLY. NOT A REAL PROCUREMENT RECORD OR DECISION. NO UAE GOVERNMENT COMMISSIONING OR ENDORSEMENT.
OFR-00154,REQ-0031,SUP-001,293.80,16,24,6,true,true,FICTIONAL AND SYNTHETIC — FOR RESEARCH AND DEMONSTRATION ONLY. NOT A REAL PROCUREMENT RECORD OR DECISION. NO UAE GOVERNMENT COMMISSIONING OR ENDORSEMENT.
OFR-00155,REQ-0031,SUP-084,288.60,20,11,12,true,true,FICTIONAL AND SYNTHETIC — FOR RESEARCH AND DEMONSTRATION ONLY. NOT A REAL PROCUREMENT RECORD OR DECISION. NO UAE GOVERNMENT COMMISSIONING OR ENDORSEMENT.
OFR-00156,REQ-0032,SUP-072,1450.00,21,2,6,true,true,FICTIONAL AND SYNTHETIC — FOR RESEARCH AND DEMONSTRATION ONLY. NOT A REAL PROCUREMENT RECORD OR DECISION. NO UAE GOVERNMENT COMMISSIONING OR ENDORSEMENT.
OFR-00157,REQ-0032,SUP-097,1462.50,19,17,3,true,true,FICTIONAL AND SYNTHETIC — FOR RESEARCH AND DEMONSTRATION ONLY. NOT A REAL PROCUREMENT RECORD OR DECISION. NO UAE GOVERNMENT COMMISSIONING OR ENDORSEMENT.
OFR-00158,REQ-0032,SUP-035,1100.00,28,10,18,true,true,FICTIONAL AND SYNTHETIC — FOR RESEARCH AND DEMONSTRATION ONLY. NOT A REAL PROCUREMENT RECORD OR DECISION. NO UAE GOVERNMENT COMMISSIONING OR ENDORSEMENT.
OFR-00159,REQ-0032,SUP-036,1200.00,16,30,24,true,true,FICTIONAL AND SYNTHETIC — FOR RESEARCH AND DEMONSTRATION ONLY. NOT A REAL PROCUREMENT RECORD OR DECISION. NO UAE GOVERNMENT COMMISSIONING OR ENDORSEMENT.
OFR-00160,REQ-0032,SUP-075,1487.50,17,24,18,true,true,FICTIONAL AND SYNTHETIC — FOR RESEARCH AND DEMONSTRATION ONLY. NOT A REAL PROCUREMENT RECORD OR DECISION. NO UAE GOVERNMENT COMMISSIONING OR ENDORSEMENT.
OFR-00161,REQ-0033,SUP-083,2166.00,12,28,12,true,true,FICTIONAL AND SYNTHETIC — FOR RESEARCH AND DEMONSTRATION ONLY. NOT A REAL PROCUREMENT RECORD OR DECISION. NO UAE GOVERNMENT COMMISSIONING OR ENDORSEMENT.
OFR-00162,REQ-0033,SUP-039,2280.00,12,51,24,true,true,FICTIONAL AND SYNTHETIC — FOR RESEARCH AND DEMONSTRATION ONLY. NOT A REAL PROCUREMENT RECORD OR DECISION. NO UAE GOVERNMENT COMMISSIONING OR ENDORSEMENT.
OFR-00163,REQ-0033,SUP-031,1596.00,8,16,24,true,true,FICTIONAL AND SYNTHETIC — FOR RESEARCH AND DEMONSTRATION ONLY. NOT A REAL PROCUREMENT RECORD OR DECISION. NO UAE GOVERNMENT COMMISSIONING OR ENDORSEMENT.
OFR-00164,REQ-0033,SUP-008,1805.00,9,5,3,true,true,FICTIONAL AND SYNTHETIC — FOR RESEARCH AND DEMONSTRATION ONLY. NOT A REAL PROCUREMENT RECORD OR DECISION. NO UAE GOVERNMENT COMMISSIONING OR ENDORSEMENT.
OFR-00165,REQ-0033,SUP-050,1558.00,10,57,6,false,true,FICTIONAL AND SYNTHETIC — FOR RESEARCH AND DEMONSTRATION ONLY. NOT A REAL PROCUREMENT RECORD OR DECISION. NO UAE GOVERNMENT COMMISSIONING OR ENDORSEMENT.
OFR-00166,REQ-0034,SUP-096,14.56,1588,26,24,true,true,FICTIONAL AND SYNTHETIC — FOR RESEARCH AND DEMONSTRATION ONLY. NOT A REAL PROCUREMENT RECORD OR DECISION. NO UAE GOVERNMENT COMMISSIONING OR ENDORSEMENT.
OFR-00167,REQ-0034,SUP-049,15.54,1543,49,24,true,true,FICTIONAL AND SYNTHETIC — FOR RESEARCH AND DEMONSTRATION ONLY. NOT A REAL PROCUREMENT RECORD OR DECISION. NO UAE GOVERNMENT COMMISSIONING OR ENDORSEMENT.
OFR-00168,REQ-0034,SUP-099,12.88,1596,21,6,true,true,FICTIONAL AND SYNTHETIC — FOR RESEARCH AND DEMONSTRATION ONLY. NOT A REAL PROCUREMENT RECORD OR DECISION. NO UAE GOVERNMENT COMMISSIONING OR ENDORSEMENT.
OFR-00169,REQ-0034,SUP-029,13.16,1239,3,3,true,true,FICTIONAL AND SYNTHETIC — FOR RESEARCH AND DEMONSTRATION ONLY. NOT A REAL PROCUREMENT RECORD OR DECISION. NO UAE GOVERNMENT COMMISSIONING OR ENDORSEMENT.
OFR-00170,REQ-0034,SUP-047,15.68,1326,47,18,true,true,FICTIONAL AND SYNTHETIC — FOR RESEARCH AND DEMONSTRATION ONLY. NOT A REAL PROCUREMENT RECORD OR DECISION. NO UAE GOVERNMENT COMMISSIONING OR ENDORSEMENT.
OFR-00171,REQ-0035,SUP-010,60.45,80,17,24,true,true,FICTIONAL AND SYNTHETIC — FOR RESEARCH AND DEMONSTRATION ONLY. NOT A REAL PROCUREMENT RECORD OR DECISION. NO UAE GOVERNMENT COMMISSIONING OR ENDORSEMENT.
OFR-00172,REQ-0035,SUP-080,55.90,77,17,24,true,true,FICTIONAL AND SYNTHETIC — FOR RESEARCH AND DEMONSTRATION ONLY. NOT A REAL PROCUREMENT RECORD OR DECISION. NO UAE GOVERNMENT COMMISSIONING OR ENDORSEMENT.
OFR-00173,REQ-0035,SUP-037,68.90,65,11,24,true,true,FICTIONAL AND SYNTHETIC — FOR RESEARCH AND DEMONSTRATION ONLY. NOT A REAL PROCUREMENT RECORD OR DECISION. NO UAE GOVERNMENT COMMISSIONING OR ENDORSEMENT.
OFR-00174,REQ-0035,SUP-100,57.20,40,1,24,true,true,FICTIONAL AND SYNTHETIC — FOR RESEARCH AND DEMONSTRATION ONLY. NOT A REAL PROCUREMENT RECORD OR DECISION. NO UAE GOVERNMENT COMMISSIONING OR ENDORSEMENT.
OFR-00175,REQ-0035,SUP-033,66.95,46,16,12,true,true,FICTIONAL AND SYNTHETIC — FOR RESEARCH AND DEMONSTRATION ONLY. NOT A REAL PROCUREMENT RECORD OR DECISION. NO UAE GOVERNMENT COMMISSIONING OR ENDORSEMENT.
OFR-00176,REQ-0036,SUP-096,234.00,35,30,18,true,true,FICTIONAL AND SYNTHETIC — FOR RESEARCH AND DEMONSTRATION ONLY. NOT A REAL PROCUREMENT RECORD OR DECISION. NO UAE GOVERNMENT COMMISSIONING OR ENDORSEMENT.
OFR-00177,REQ-0036,SUP-021,215.80,44,26,12,true,true,FICTIONAL AND SYNTHETIC — FOR RESEARCH AND DEMONSTRATION ONLY. NOT A REAL PROCUREMENT RECORD OR DECISION. NO UAE GOVERNMENT COMMISSIONING OR ENDORSEMENT.
OFR-00178,REQ-0036,SUP-041,247.00,44,32,24,true,true,FICTIONAL AND SYNTHETIC — FOR RESEARCH AND DEMONSTRATION ONLY. NOT A REAL PROCUREMENT RECORD OR DECISION. NO UAE GOVERNMENT COMMISSIONING OR ENDORSEMENT.
OFR-00179,REQ-0036,SUP-051,273.00,35,46,6,false,true,FICTIONAL AND SYNTHETIC — FOR RESEARCH AND DEMONSTRATION ONLY. NOT A REAL PROCUREMENT RECORD OR DECISION. NO UAE GOVERNMENT COMMISSIONING OR ENDORSEMENT.
OFR-00180,REQ-0036,SUP-066,221.00,33,33,6,false,true,FICTIONAL AND SYNTHETIC — FOR RESEARCH AND DEMONSTRATION ONLY. NOT A REAL PROCUREMENT RECORD OR DECISION. NO UAE GOVERNMENT COMMISSIONING OR ENDORSEMENT.
OFR-00181,REQ-0037,SUP-037,1487.50,10,26,18,true,true,FICTIONAL AND SYNTHETIC — FOR RESEARCH AND DEMONSTRATION ONLY. NOT A REAL PROCUREMENT RECORD OR DECISION. NO UAE GOVERNMENT COMMISSIONING OR ENDORSEMENT.
OFR-00182,REQ-0037,SUP-001,1225.00,12,12,12,true,true,FICTIONAL AND SYNTHETIC — FOR RESEARCH AND DEMONSTRATION ONLY. NOT A REAL PROCUREMENT RECORD OR DECISION. NO UAE GOVERNMENT COMMISSIONING OR ENDORSEMENT.
OFR-00183,REQ-0037,SUP-086,1100.00,13,27,18,true,true,FICTIONAL AND SYNTHETIC — FOR RESEARCH AND DEMONSTRATION ONLY. NOT A REAL PROCUREMENT RECORD OR DECISION. NO UAE GOVERNMENT COMMISSIONING OR ENDORSEMENT.
OFR-00184,REQ-0037,SUP-072,1237.50,7,13,24,true,true,FICTIONAL AND SYNTHETIC — FOR RESEARCH AND DEMONSTRATION ONLY. NOT A REAL PROCUREMENT RECORD OR DECISION. NO UAE GOVERNMENT COMMISSIONING OR ENDORSEMENT.
OFR-00185,REQ-0037,SUP-067,1350.00,5,24,24,false,true,FICTIONAL AND SYNTHETIC — FOR RESEARCH AND DEMONSTRATION ONLY. NOT A REAL PROCUREMENT RECORD OR DECISION. NO UAE GOVERNMENT COMMISSIONING OR ENDORSEMENT.
OFR-00186,REQ-0038,SUP-092,1900.00,11,36,6,true,true,FICTIONAL AND SYNTHETIC — FOR RESEARCH AND DEMONSTRATION ONLY. NOT A REAL PROCUREMENT RECORD OR DECISION. NO UAE GOVERNMENT COMMISSIONING OR ENDORSEMENT.
OFR-00187,REQ-0038,SUP-079,1881.00,8,28,24,true,true,FICTIONAL AND SYNTHETIC — FOR RESEARCH AND DEMONSTRATION ONLY. NOT A REAL PROCUREMENT RECORD OR DECISION. NO UAE GOVERNMENT COMMISSIONING OR ENDORSEMENT.
OFR-00188,REQ-0038,SUP-082,1729.00,10,6,3,true,true,FICTIONAL AND SYNTHETIC — FOR RESEARCH AND DEMONSTRATION ONLY. NOT A REAL PROCUREMENT RECORD OR DECISION. NO UAE GOVERNMENT COMMISSIONING OR ENDORSEMENT.
OFR-00189,REQ-0038,SUP-063,1729.00,5,58,24,false,true,FICTIONAL AND SYNTHETIC — FOR RESEARCH AND DEMONSTRATION ONLY. NOT A REAL PROCUREMENT RECORD OR DECISION. NO UAE GOVERNMENT COMMISSIONING OR ENDORSEMENT.
OFR-00190,REQ-0038,SUP-078,2166.00,9,49,24,true,true,FICTIONAL AND SYNTHETIC — FOR RESEARCH AND DEMONSTRATION ONLY. NOT A REAL PROCUREMENT RECORD OR DECISION. NO UAE GOVERNMENT COMMISSIONING OR ENDORSEMENT.
OFR-00191,REQ-0039,SUP-049,12.60,1084,24,3,true,true,FICTIONAL AND SYNTHETIC — FOR RESEARCH AND DEMONSTRATION ONLY. NOT A REAL PROCUREMENT RECORD OR DECISION. NO UAE GOVERNMENT COMMISSIONING OR ENDORSEMENT.
OFR-00192,REQ-0039,SUP-096,13.30,1067,32,6,true,true,FICTIONAL AND SYNTHETIC — FOR RESEARCH AND DEMONSTRATION ONLY. NOT A REAL PROCUREMENT RECORD OR DECISION. NO UAE GOVERNMENT COMMISSIONING OR ENDORSEMENT.
OFR-00193,REQ-0039,SUP-044,13.72,1190,3,6,true,true,FICTIONAL AND SYNTHETIC — FOR RESEARCH AND DEMONSTRATION ONLY. NOT A REAL PROCUREMENT RECORD OR DECISION. NO UAE GOVERNMENT COMMISSIONING OR ENDORSEMENT.
OFR-00194,REQ-0039,SUP-019,12.32,991,8,3,false,true,FICTIONAL AND SYNTHETIC — FOR RESEARCH AND DEMONSTRATION ONLY. NOT A REAL PROCUREMENT RECORD OR DECISION. NO UAE GOVERNMENT COMMISSIONING OR ENDORSEMENT.
OFR-00195,REQ-0039,SUP-039,16.66,607,6,6,true,true,FICTIONAL AND SYNTHETIC — FOR RESEARCH AND DEMONSTRATION ONLY. NOT A REAL PROCUREMENT RECORD OR DECISION. NO UAE GOVERNMENT COMMISSIONING OR ENDORSEMENT.
OFR-00196,REQ-0040,SUP-070,61.10,202,30,12,true,true,FICTIONAL AND SYNTHETIC — FOR RESEARCH AND DEMONSTRATION ONLY. NOT A REAL PROCUREMENT RECORD OR DECISION. NO UAE GOVERNMENT COMMISSIONING OR ENDORSEMENT.
OFR-00197,REQ-0040,SUP-021,70.85,167,31,12,true,true,FICTIONAL AND SYNTHETIC — FOR RESEARCH AND DEMONSTRATION ONLY. NOT A REAL PROCUREMENT RECORD OR DECISION. NO UAE GOVERNMENT COMMISSIONING OR ENDORSEMENT.
OFR-00198,REQ-0040,SUP-055,77.35,204,6,18,true,true,FICTIONAL AND SYNTHETIC — FOR RESEARCH AND DEMONSTRATION ONLY. NOT A REAL PROCUREMENT RECORD OR DECISION. NO UAE GOVERNMENT COMMISSIONING OR ENDORSEMENT.
OFR-00199,REQ-0040,SUP-006,71.50,153,33,12,true,true,FICTIONAL AND SYNTHETIC — FOR RESEARCH AND DEMONSTRATION ONLY. NOT A REAL PROCUREMENT RECORD OR DECISION. NO UAE GOVERNMENT COMMISSIONING OR ENDORSEMENT.
OFR-00200,REQ-0040,SUP-085,71.50,98,21,3,false,true,FICTIONAL AND SYNTHETIC — FOR RESEARCH AND DEMONSTRATION ONLY. NOT A REAL PROCUREMENT RECORD OR DECISION. NO UAE GOVERNMENT COMMISSIONING OR ENDORSEMENT.
OFR-00201,REQ-0041,SUP-096,244.40,34,20,3,true,true,FICTIONAL AND SYNTHETIC — FOR RESEARCH AND DEMONSTRATION ONLY. NOT A REAL PROCUREMENT RECORD OR DECISION. NO UAE GOVERNMENT COMMISSIONING OR ENDORSEMENT.
OFR-00202,REQ-0041,SUP-075,210.60,33,6,12,true,true,FICTIONAL AND SYNTHETIC — FOR RESEARCH AND DEMONSTRATION ONLY. NOT A REAL PROCUREMENT RECORD OR DECISION. NO UAE GOVERNMENT COMMISSIONING OR ENDORSEMENT.
OFR-00203,REQ-0041,SUP-041,236.60,28,14,24,true,true,FICTIONAL AND SYNTHETIC — FOR RESEARCH AND DEMONSTRATION ONLY. NOT A REAL PROCUREMENT RECORD OR DECISION. NO UAE GOVERNMENT COMMISSIONING OR ENDORSEMENT.
OFR-00204,REQ-0041,SUP-051,239.20,14,8,3,true,true,FICTIONAL AND SYNTHETIC — FOR RESEARCH AND DEMONSTRATION ONLY. NOT A REAL PROCUREMENT RECORD OR DECISION. NO UAE GOVERNMENT COMMISSIONING OR ENDORSEMENT.
OFR-00205,REQ-0041,SUP-011,288.60,29,1,6,true,true,FICTIONAL AND SYNTHETIC — FOR RESEARCH AND DEMONSTRATION ONLY. NOT A REAL PROCUREMENT RECORD OR DECISION. NO UAE GOVERNMENT COMMISSIONING OR ENDORSEMENT.
OFR-00206,REQ-0042,SUP-033,1475.00,31,3,3,true,true,FICTIONAL AND SYNTHETIC — FOR RESEARCH AND DEMONSTRATION ONLY. NOT A REAL PROCUREMENT RECORD OR DECISION. NO UAE GOVERNMENT COMMISSIONING OR ENDORSEMENT.
OFR-00207,REQ-0042,SUP-032,1462.50,25,8,24,true,true,FICTIONAL AND SYNTHETIC — FOR RESEARCH AND DEMONSTRATION ONLY. NOT A REAL PROCUREMENT RECORD OR DECISION. NO UAE GOVERNMENT COMMISSIONING OR ENDORSEMENT.
OFR-00208,REQ-0042,SUP-069,1475.00,26,2,24,true,true,FICTIONAL AND SYNTHETIC — FOR RESEARCH AND DEMONSTRATION ONLY. NOT A REAL PROCUREMENT RECORD OR DECISION. NO UAE GOVERNMENT COMMISSIONING OR ENDORSEMENT.
OFR-00209,REQ-0042,SUP-042,1387.50,16,22,3,true,true,FICTIONAL AND SYNTHETIC — FOR RESEARCH AND DEMONSTRATION ONLY. NOT A REAL PROCUREMENT RECORD OR DECISION. NO UAE GOVERNMENT COMMISSIONING OR ENDORSEMENT.
OFR-00210,REQ-0042,SUP-094,1062.50,21,30,18,true,true,FICTIONAL AND SYNTHETIC — FOR RESEARCH AND DEMONSTRATION ONLY. NOT A REAL PROCUREMENT RECORD OR DECISION. NO UAE GOVERNMENT COMMISSIONING OR ENDORSEMENT.
OFR-00211,REQ-0043,SUP-093,1957.00,26,18,12,true,true,FICTIONAL AND SYNTHETIC — FOR RESEARCH AND DEMONSTRATION ONLY. NOT A REAL PROCUREMENT RECORD OR DECISION. NO UAE GOVERNMENT COMMISSIONING OR ENDORSEMENT.
OFR-00212,REQ-0043,SUP-033,1862.00,29,3,3,true,true,FICTIONAL AND SYNTHETIC — FOR RESEARCH AND DEMONSTRATION ONLY. NOT A REAL PROCUREMENT RECORD OR DECISION. NO UAE GOVERNMENT COMMISSIONING OR ENDORSEMENT.
OFR-00213,REQ-0043,SUP-008,2071.00,28,42,18,true,true,FICTIONAL AND SYNTHETIC — FOR RESEARCH AND DEMONSTRATION ONLY. NOT A REAL PROCUREMENT RECORD OR DECISION. NO UAE GOVERNMENT COMMISSIONING OR ENDORSEMENT.
OFR-00214,REQ-0043,SUP-052,1691.00,23,50,6,true,true,FICTIONAL AND SYNTHETIC — FOR RESEARCH AND DEMONSTRATION ONLY. NOT A REAL PROCUREMENT RECORD OR DECISION. NO UAE GOVERNMENT COMMISSIONING OR ENDORSEMENT.
OFR-00215,REQ-0043,SUP-025,1919.00,12,29,12,true,true,FICTIONAL AND SYNTHETIC — FOR RESEARCH AND DEMONSTRATION ONLY. NOT A REAL PROCUREMENT RECORD OR DECISION. NO UAE GOVERNMENT COMMISSIONING OR ENDORSEMENT.
OFR-00216,REQ-0044,SUP-004,11.20,2556,40,24,true,true,FICTIONAL AND SYNTHETIC — FOR RESEARCH AND DEMONSTRATION ONLY. NOT A REAL PROCUREMENT RECORD OR DECISION. NO UAE GOVERNMENT COMMISSIONING OR ENDORSEMENT.
OFR-00217,REQ-0044,SUP-044,13.30,2019,26,6,true,true,FICTIONAL AND SYNTHETIC — FOR RESEARCH AND DEMONSTRATION ONLY. NOT A REAL PROCUREMENT RECORD OR DECISION. NO UAE GOVERNMENT COMMISSIONING OR ENDORSEMENT.
OFR-00218,REQ-0044,SUP-098,16.10,1831,10,24,true,true,FICTIONAL AND SYNTHETIC — FOR RESEARCH AND DEMONSTRATION ONLY. NOT A REAL PROCUREMENT RECORD OR DECISION. NO UAE GOVERNMENT COMMISSIONING OR ENDORSEMENT.
OFR-00219,REQ-0044,SUP-035,15.40,1323,63,3,true,true,FICTIONAL AND SYNTHETIC — FOR RESEARCH AND DEMONSTRATION ONLY. NOT A REAL PROCUREMENT RECORD OR DECISION. NO UAE GOVERNMENT COMMISSIONING OR ENDORSEMENT.
OFR-00220,REQ-0044,SUP-060,15.96,2198,49,6,true,true,FICTIONAL AND SYNTHETIC — FOR RESEARCH AND DEMONSTRATION ONLY. NOT A REAL PROCUREMENT RECORD OR DECISION. NO UAE GOVERNMENT COMMISSIONING OR ENDORSEMENT.
OFR-00221,REQ-0045,SUP-095,71.50,341,14,18,true,true,FICTIONAL AND SYNTHETIC — FOR RESEARCH AND DEMONSTRATION ONLY. NOT A REAL PROCUREMENT RECORD OR DECISION. NO UAE GOVERNMENT COMMISSIONING OR ENDORSEMENT.
OFR-00222,REQ-0045,SUP-075,63.05,265,12,18,true,true,FICTIONAL AND SYNTHETIC — FOR RESEARCH AND DEMONSTRATION ONLY. NOT A REAL PROCUREMENT RECORD OR DECISION. NO UAE GOVERNMENT COMMISSIONING OR ENDORSEMENT.
OFR-00223,REQ-0045,SUP-010,68.25,287,10,6,true,true,FICTIONAL AND SYNTHETIC — FOR RESEARCH AND DEMONSTRATION ONLY. NOT A REAL PROCUREMENT RECORD OR DECISION. NO UAE GOVERNMENT COMMISSIONING OR ENDORSEMENT.
OFR-00224,REQ-0045,SUP-040,63.70,174,7,6,true,true,FICTIONAL AND SYNTHETIC — FOR RESEARCH AND DEMONSTRATION ONLY. NOT A REAL PROCUREMENT RECORD OR DECISION. NO UAE GOVERNMENT COMMISSIONING OR ENDORSEMENT.
OFR-00225,REQ-0045,SUP-025,59.15,267,24,3,true,true,FICTIONAL AND SYNTHETIC — FOR RESEARCH AND DEMONSTRATION ONLY. NOT A REAL PROCUREMENT RECORD OR DECISION. NO UAE GOVERNMENT COMMISSIONING OR ENDORSEMENT.
OFR-00226,REQ-0046,SUP-084,312.00,50,3,6,true,true,FICTIONAL AND SYNTHETIC — FOR RESEARCH AND DEMONSTRATION ONLY. NOT A REAL PROCUREMENT RECORD OR DECISION. NO UAE GOVERNMENT COMMISSIONING OR ENDORSEMENT.
OFR-00227,REQ-0046,SUP-021,213.20,47,7,24,true,true,FICTIONAL AND SYNTHETIC — FOR RESEARCH AND DEMONSTRATION ONLY. NOT A REAL PROCUREMENT RECORD OR DECISION. NO UAE GOVERNMENT COMMISSIONING OR ENDORSEMENT.
OFR-00228,REQ-0046,SUP-074,309.40,52,28,3,true,true,FICTIONAL AND SYNTHETIC — FOR RESEARCH AND DEMONSTRATION ONLY. NOT A REAL PROCUREMENT RECORD OR DECISION. NO UAE GOVERNMENT COMMISSIONING OR ENDORSEMENT.
OFR-00229,REQ-0046,SUP-018,306.80,55,14,3,true,true,FICTIONAL AND SYNTHETIC — FOR RESEARCH AND DEMONSTRATION ONLY. NOT A REAL PROCUREMENT RECORD OR DECISION. NO UAE GOVERNMENT COMMISSIONING OR ENDORSEMENT.
OFR-00230,REQ-0046,SUP-001,226.20,47,39,6,true,true,FICTIONAL AND SYNTHETIC — FOR RESEARCH AND DEMONSTRATION ONLY. NOT A REAL PROCUREMENT RECORD OR DECISION. NO UAE GOVERNMENT COMMISSIONING OR ENDORSEMENT.
OFR-00231,REQ-0047,SUP-075,1075.00,26,6,24,true,true,FICTIONAL AND SYNTHETIC — FOR RESEARCH AND DEMONSTRATION ONLY. NOT A REAL PROCUREMENT RECORD OR DECISION. NO UAE GOVERNMENT COMMISSIONING OR ENDORSEMENT.
OFR-00232,REQ-0047,SUP-086,1275.00,22,17,18,true,true,FICTIONAL AND SYNTHETIC — FOR RESEARCH AND DEMONSTRATION ONLY. NOT A REAL PROCUREMENT RECORD OR DECISION. NO UAE GOVERNMENT COMMISSIONING OR ENDORSEMENT.
OFR-00233,REQ-0047,SUP-069,1475.00,29,20,18,true,true,FICTIONAL AND SYNTHETIC — FOR RESEARCH AND DEMONSTRATION ONLY. NOT A REAL PROCUREMENT RECORD OR DECISION. NO UAE GOVERNMENT COMMISSIONING OR ENDORSEMENT.
OFR-00234,REQ-0047,SUP-087,1050.00,11,8,18,true,true,FICTIONAL AND SYNTHETIC — FOR RESEARCH AND DEMONSTRATION ONLY. NOT A REAL PROCUREMENT RECORD OR DECISION. NO UAE GOVERNMENT COMMISSIONING OR ENDORSEMENT.
OFR-00235,REQ-0047,SUP-022,1125.00,21,15,24,true,true,FICTIONAL AND SYNTHETIC — FOR RESEARCH AND DEMONSTRATION ONLY. NOT A REAL PROCUREMENT RECORD OR DECISION. NO UAE GOVERNMENT COMMISSIONING OR ENDORSEMENT.
OFR-00236,REQ-0048,SUP-082,1900.00,25,2,12,true,true,FICTIONAL AND SYNTHETIC — FOR RESEARCH AND DEMONSTRATION ONLY. NOT A REAL PROCUREMENT RECORD OR DECISION. NO UAE GOVERNMENT COMMISSIONING OR ENDORSEMENT.
OFR-00237,REQ-0048,SUP-089,1691.00,22,1,3,true,true,FICTIONAL AND SYNTHETIC — FOR RESEARCH AND DEMONSTRATION ONLY. NOT A REAL PROCUREMENT RECORD OR DECISION. NO UAE GOVERNMENT COMMISSIONING OR ENDORSEMENT.
OFR-00238,REQ-0048,SUP-088,2223.00,32,9,18,true,true,FICTIONAL AND SYNTHETIC — FOR RESEARCH AND DEMONSTRATION ONLY. NOT A REAL PROCUREMENT RECORD OR DECISION. NO UAE GOVERNMENT COMMISSIONING OR ENDORSEMENT.
OFR-00239,REQ-0048,SUP-063,2052.00,21,20,6,true,true,FICTIONAL AND SYNTHETIC — FOR RESEARCH AND DEMONSTRATION ONLY. NOT A REAL PROCUREMENT RECORD OR DECISION. NO UAE GOVERNMENT COMMISSIONING OR ENDORSEMENT.
OFR-00240,REQ-0048,SUP-003,1558.00,15,19,18,true,true,FICTIONAL AND SYNTHETIC — FOR RESEARCH AND DEMONSTRATION ONLY. NOT A REAL PROCUREMENT RECORD OR DECISION. NO UAE GOVERNMENT COMMISSIONING OR ENDORSEMENT.
OFR-00241,REQ-0049,SUP-020,12.04,2638,5,6,true,true,FICTIONAL AND SYNTHETIC — FOR RESEARCH AND DEMONSTRATION ONLY. NOT A REAL PROCUREMENT RECORD OR DECISION. NO UAE GOVERNMENT COMMISSIONING OR ENDORSEMENT.
OFR-00242,REQ-0049,SUP-049,11.48,2074,16,18,true,true,FICTIONAL AND SYNTHETIC — FOR RESEARCH AND DEMONSTRATION ONLY. NOT A REAL PROCUREMENT RECORD OR DECISION. NO UAE GOVERNMENT COMMISSIONING OR ENDORSEMENT.
OFR-00243,REQ-0049,SUP-089,14.56,2455,22,6,true,true,FICTIONAL AND SYNTHETIC — FOR RESEARCH AND DEMONSTRATION ONLY. NOT A REAL PROCUREMENT RECORD OR DECISION. NO UAE GOVERNMENT COMMISSIONING OR ENDORSEMENT.
OFR-00244,REQ-0049,SUP-064,11.34,2103,20,24,true,true,FICTIONAL AND SYNTHETIC — FOR RESEARCH AND DEMONSTRATION ONLY. NOT A REAL PROCUREMENT RECORD OR DECISION. NO UAE GOVERNMENT COMMISSIONING OR ENDORSEMENT.
OFR-00245,REQ-0049,SUP-099,15.68,1648,8,6,true,true,FICTIONAL AND SYNTHETIC — FOR RESEARCH AND DEMONSTRATION ONLY. NOT A REAL PROCUREMENT RECORD OR DECISION. NO UAE GOVERNMENT COMMISSIONING OR ENDORSEMENT.
OFR-00246,REQ-0050,SUP-015,78.00,403,5,24,true,true,FICTIONAL AND SYNTHETIC — FOR RESEARCH AND DEMONSTRATION ONLY. NOT A REAL PROCUREMENT RECORD OR DECISION. NO UAE GOVERNMENT COMMISSIONING OR ENDORSEMENT.
OFR-00247,REQ-0050,SUP-100,67.60,350,15,12,true,true,FICTIONAL AND SYNTHETIC — FOR RESEARCH AND DEMONSTRATION ONLY. NOT A REAL PROCUREMENT RECORD OR DECISION. NO UAE GOVERNMENT COMMISSIONING OR ENDORSEMENT.
OFR-00248,REQ-0050,SUP-037,63.70,331,13,3,true,true,FICTIONAL AND SYNTHETIC — FOR RESEARCH AND DEMONSTRATION ONLY. NOT A REAL PROCUREMENT RECORD OR DECISION. NO UAE GOVERNMENT COMMISSIONING OR ENDORSEMENT.
OFR-00249,REQ-0050,SUP-050,72.15,230,22,3,true,true,FICTIONAL AND SYNTHETIC — FOR RESEARCH AND DEMONSTRATION ONLY. NOT A REAL PROCUREMENT RECORD OR DECISION. NO UAE GOVERNMENT COMMISSIONING OR ENDORSEMENT.
OFR-00250,REQ-0050,SUP-070,69.55,265,16,3,true,true,FICTIONAL AND SYNTHETIC — FOR RESEARCH AND DEMONSTRATION ONLY. NOT A REAL PROCUREMENT RECORD OR DECISION. NO UAE GOVERNMENT COMMISSIONING OR ENDORSEMENT.
OFR-00251,REQ-0051,SUP-075,309.40,38,14,18,true,true,FICTIONAL AND SYNTHETIC — FOR RESEARCH AND DEMONSTRATION ONLY. NOT A REAL PROCUREMENT RECORD OR DECISION. NO UAE GOVERNMENT COMMISSIONING OR ENDORSEMENT.
OFR-00252,REQ-0051,SUP-076,309.40,33,4,6,true,true,FICTIONAL AND SYNTHETIC — FOR RESEARCH AND DEMONSTRATION ONLY. NOT A REAL PROCUREMENT RECORD OR DECISION. NO UAE GOVERNMENT COMMISSIONING OR ENDORSEMENT.
OFR-00253,REQ-0051,SUP-011,299.00,42,4,24,true,true,FICTIONAL AND SYNTHETIC — FOR RESEARCH AND DEMONSTRATION ONLY. NOT A REAL PROCUREMENT RECORD OR DECISION. NO UAE GOVERNMENT COMMISSIONING OR ENDORSEMENT.
OFR-00254,REQ-0051,SUP-081,286.00,25,31,6,true,true,FICTIONAL AND SYNTHETIC — FOR RESEARCH AND DEMONSTRATION ONLY. NOT A REAL PROCUREMENT RECORD OR DECISION. NO UAE GOVERNMENT COMMISSIONING OR ENDORSEMENT.
OFR-00255,REQ-0051,SUP-021,301.60,29,25,24,true,true,FICTIONAL AND SYNTHETIC — FOR RESEARCH AND DEMONSTRATION ONLY. NOT A REAL PROCUREMENT RECORD OR DECISION. NO UAE GOVERNMENT COMMISSIONING OR ENDORSEMENT.
OFR-00256,REQ-0052,SUP-047,1025.00,30,11,3,true,true,FICTIONAL AND SYNTHETIC — FOR RESEARCH AND DEMONSTRATION ONLY. NOT A REAL PROCUREMENT RECORD OR DECISION. NO UAE GOVERNMENT COMMISSIONING OR ENDORSEMENT.
OFR-00257,REQ-0052,SUP-027,1275.00,28,39,18,true,true,FICTIONAL AND SYNTHETIC — FOR RESEARCH AND DEMONSTRATION ONLY. NOT A REAL PROCUREMENT RECORD OR DECISION. NO UAE GOVERNMENT COMMISSIONING OR ENDORSEMENT.
OFR-00258,REQ-0052,SUP-022,1025.00,28,50,12,true,true,FICTIONAL AND SYNTHETIC — FOR RESEARCH AND DEMONSTRATION ONLY. NOT A REAL PROCUREMENT RECORD OR DECISION. NO UAE GOVERNMENT COMMISSIONING OR ENDORSEMENT.
OFR-00259,REQ-0052,SUP-081,1462.50,16,10,24,true,true,FICTIONAL AND SYNTHETIC — FOR RESEARCH AND DEMONSTRATION ONLY. NOT A REAL PROCUREMENT RECORD OR DECISION. NO UAE GOVERNMENT COMMISSIONING OR ENDORSEMENT.
OFR-00260,REQ-0052,SUP-032,1300.00,20,24,3,true,true,FICTIONAL AND SYNTHETIC — FOR RESEARCH AND DEMONSTRATION ONLY. NOT A REAL PROCUREMENT RECORD OR DECISION. NO UAE GOVERNMENT COMMISSIONING OR ENDORSEMENT.
OFR-00261,REQ-0053,SUP-061,2052.00,7,7,6,true,true,FICTIONAL AND SYNTHETIC — FOR RESEARCH AND DEMONSTRATION ONLY. NOT A REAL PROCUREMENT RECORD OR DECISION. NO UAE GOVERNMENT COMMISSIONING OR ENDORSEMENT.
OFR-00262,REQ-0053,SUP-019,1976.00,5,28,3,true,true,FICTIONAL AND SYNTHETIC — FOR RESEARCH AND DEMONSTRATION ONLY. NOT A REAL PROCUREMENT RECORD OR DECISION. NO UAE GOVERNMENT COMMISSIONING OR ENDORSEMENT.
OFR-00263,REQ-0053,SUP-089,1843.00,5,33,18,true,true,FICTIONAL AND SYNTHETIC — FOR RESEARCH AND DEMONSTRATION ONLY. NOT A REAL PROCUREMENT RECORD OR DECISION. NO UAE GOVERNMENT COMMISSIONING OR ENDORSEMENT.
OFR-00264,REQ-0053,SUP-073,2185.00,5,42,18,false,true,FICTIONAL AND SYNTHETIC — FOR RESEARCH AND DEMONSTRATION ONLY. NOT A REAL PROCUREMENT RECORD OR DECISION. NO UAE GOVERNMENT COMMISSIONING OR ENDORSEMENT.
OFR-00265,REQ-0053,SUP-088,1691.00,6,26,24,false,true,FICTIONAL AND SYNTHETIC — FOR RESEARCH AND DEMONSTRATION ONLY. NOT A REAL PROCUREMENT RECORD OR DECISION. NO UAE GOVERNMENT COMMISSIONING OR ENDORSEMENT.
OFR-00266,REQ-0054,SUP-061,16.24,2318,7,24,true,true,FICTIONAL AND SYNTHETIC — FOR RESEARCH AND DEMONSTRATION ONLY. NOT A REAL PROCUREMENT RECORD OR DECISION. NO UAE GOVERNMENT COMMISSIONING OR ENDORSEMENT.
OFR-00267,REQ-0054,SUP-024,13.72,2169,8,24,true,true,FICTIONAL AND SYNTHETIC — FOR RESEARCH AND DEMONSTRATION ONLY. NOT A REAL PROCUREMENT RECORD OR DECISION. NO UAE GOVERNMENT COMMISSIONING OR ENDORSEMENT.
OFR-00268,REQ-0054,SUP-049,15.12,1874,3,3,true,true,FICTIONAL AND SYNTHETIC — FOR RESEARCH AND DEMONSTRATION ONLY. NOT A REAL PROCUREMENT RECORD OR DECISION. NO UAE GOVERNMENT COMMISSIONING OR ENDORSEMENT.
OFR-00269,REQ-0054,SUP-089,13.44,1904,21,3,true,true,FICTIONAL AND SYNTHETIC — FOR RESEARCH AND DEMONSTRATION ONLY. NOT A REAL PROCUREMENT RECORD OR DECISION. NO UAE GOVERNMENT COMMISSIONING OR ENDORSEMENT.
OFR-00270,REQ-0054,SUP-019,11.76,1862,33,6,true,true,FICTIONAL AND SYNTHETIC — FOR RESEARCH AND DEMONSTRATION ONLY. NOT A REAL PROCUREMENT RECORD OR DECISION. NO UAE GOVERNMENT COMMISSIONING OR ENDORSEMENT.
OFR-00271,REQ-0055,SUP-015,52.65,240,35,12,true,true,FICTIONAL AND SYNTHETIC — FOR RESEARCH AND DEMONSTRATION ONLY. NOT A REAL PROCUREMENT RECORD OR DECISION. NO UAE GOVERNMENT COMMISSIONING OR ENDORSEMENT.
OFR-00272,REQ-0055,SUP-100,77.35,232,3,24,true,true,FICTIONAL AND SYNTHETIC — FOR RESEARCH AND DEMONSTRATION ONLY. NOT A REAL PROCUREMENT RECORD OR DECISION. NO UAE GOVERNMENT COMMISSIONING OR ENDORSEMENT.
OFR-00273,REQ-0055,SUP-040,59.15,213,29,3,true,true,FICTIONAL AND SYNTHETIC — FOR RESEARCH AND DEMONSTRATION ONLY. NOT A REAL PROCUREMENT RECORD OR DECISION. NO UAE GOVERNMENT COMMISSIONING OR ENDORSEMENT.
OFR-00274,REQ-0055,SUP-095,69.55,236,21,18,true,true,FICTIONAL AND SYNTHETIC — FOR RESEARCH AND DEMONSTRATION ONLY. NOT A REAL PROCUREMENT RECORD OR DECISION. NO UAE GOVERNMENT COMMISSIONING OR ENDORSEMENT.
OFR-00275,REQ-0055,SUP-025,65.65,116,6,18,true,true,FICTIONAL AND SYNTHETIC — FOR RESEARCH AND DEMONSTRATION ONLY. NOT A REAL PROCUREMENT RECORD OR DECISION. NO UAE GOVERNMENT COMMISSIONING OR ENDORSEMENT.
OFR-00276,REQ-0056,SUP-044,241.80,55,8,3,true,true,FICTIONAL AND SYNTHETIC — FOR RESEARCH AND DEMONSTRATION ONLY. NOT A REAL PROCUREMENT RECORD OR DECISION. NO UAE GOVERNMENT COMMISSIONING OR ENDORSEMENT.
OFR-00277,REQ-0056,SUP-061,306.80,44,6,18,true,true,FICTIONAL AND SYNTHETIC — FOR RESEARCH AND DEMONSTRATION ONLY. NOT A REAL PROCUREMENT RECORD OR DECISION. NO UAE GOVERNMENT COMMISSIONING OR ENDORSEMENT.
OFR-00278,REQ-0056,SUP-066,244.40,38,44,3,true,true,FICTIONAL AND SYNTHETIC — FOR RESEARCH AND DEMONSTRATION ONLY. NOT A REAL PROCUREMENT RECORD OR DECISION. NO UAE GOVERNMENT COMMISSIONING OR ENDORSEMENT.
OFR-00279,REQ-0056,SUP-018,299.00,31,10,24,true,true,FICTIONAL AND SYNTHETIC — FOR RESEARCH AND DEMONSTRATION ONLY. NOT A REAL PROCUREMENT RECORD OR DECISION. NO UAE GOVERNMENT COMMISSIONING OR ENDORSEMENT.
OFR-00280,REQ-0056,SUP-086,262.60,29,9,24,true,true,FICTIONAL AND SYNTHETIC — FOR RESEARCH AND DEMONSTRATION ONLY. NOT A REAL PROCUREMENT RECORD OR DECISION. NO UAE GOVERNMENT COMMISSIONING OR ENDORSEMENT.
OFR-00281,REQ-0057,SUP-042,1250.00,32,17,12,true,true,FICTIONAL AND SYNTHETIC — FOR RESEARCH AND DEMONSTRATION ONLY. NOT A REAL PROCUREMENT RECORD OR DECISION. NO UAE GOVERNMENT COMMISSIONING OR ENDORSEMENT.
OFR-00282,REQ-0057,SUP-033,1087.50,37,5,6,true,true,FICTIONAL AND SYNTHETIC — FOR RESEARCH AND DEMONSTRATION ONLY. NOT A REAL PROCUREMENT RECORD OR DECISION. NO UAE GOVERNMENT COMMISSIONING OR ENDORSEMENT.
OFR-00283,REQ-0057,SUP-007,1437.50,34,11,3,true,true,FICTIONAL AND SYNTHETIC — FOR RESEARCH AND DEMONSTRATION ONLY. NOT A REAL PROCUREMENT RECORD OR DECISION. NO UAE GOVERNMENT COMMISSIONING OR ENDORSEMENT.
OFR-00284,REQ-0057,SUP-017,1012.50,32,6,12,false,true,FICTIONAL AND SYNTHETIC — FOR RESEARCH AND DEMONSTRATION ONLY. NOT A REAL PROCUREMENT RECORD OR DECISION. NO UAE GOVERNMENT COMMISSIONING OR ENDORSEMENT.
OFR-00285,REQ-0057,SUP-097,1500.00,32,4,3,true,true,FICTIONAL AND SYNTHETIC — FOR RESEARCH AND DEMONSTRATION ONLY. NOT A REAL PROCUREMENT RECORD OR DECISION. NO UAE GOVERNMENT COMMISSIONING OR ENDORSEMENT.
OFR-00286,REQ-0058,SUP-034,1615.00,3,7,12,true,true,FICTIONAL AND SYNTHETIC — FOR RESEARCH AND DEMONSTRATION ONLY. NOT A REAL PROCUREMENT RECORD OR DECISION. NO UAE GOVERNMENT COMMISSIONING OR ENDORSEMENT.
OFR-00287,REQ-0058,SUP-015,1729.00,3,27,3,true,true,FICTIONAL AND SYNTHETIC — FOR RESEARCH AND DEMONSTRATION ONLY. NOT A REAL PROCUREMENT RECORD OR DECISION. NO UAE GOVERNMENT COMMISSIONING OR ENDORSEMENT.
OFR-00288,REQ-0058,SUP-011,2071.00,4,26,24,true,true,FICTIONAL AND SYNTHETIC — FOR RESEARCH AND DEMONSTRATION ONLY. NOT A REAL PROCUREMENT RECORD OR DECISION. NO UAE GOVERNMENT COMMISSIONING OR ENDORSEMENT.
OFR-00289,REQ-0058,SUP-038,1615.00,2,23,18,true,true,FICTIONAL AND SYNTHETIC — FOR RESEARCH AND DEMONSTRATION ONLY. NOT A REAL PROCUREMENT RECORD OR DECISION. NO UAE GOVERNMENT COMMISSIONING OR ENDORSEMENT.
OFR-00290,REQ-0058,SUP-089,1957.00,4,47,12,false,true,FICTIONAL AND SYNTHETIC — FOR RESEARCH AND DEMONSTRATION ONLY. NOT A REAL PROCUREMENT RECORD OR DECISION. NO UAE GOVERNMENT COMMISSIONING OR ENDORSEMENT.
OFR-00291,REQ-0059,SUP-061,12.60,1562,1,24,true,true,FICTIONAL AND SYNTHETIC — FOR RESEARCH AND DEMONSTRATION ONLY. NOT A REAL PROCUREMENT RECORD OR DECISION. NO UAE GOVERNMENT COMMISSIONING OR ENDORSEMENT.
OFR-00292,REQ-0059,SUP-100,13.30,1886,10,3,true,true,FICTIONAL AND SYNTHETIC — FOR RESEARCH AND DEMONSTRATION ONLY. NOT A REAL PROCUREMENT RECORD OR DECISION. NO UAE GOVERNMENT COMMISSIONING OR ENDORSEMENT.
OFR-00293,REQ-0059,SUP-052,12.32,1363,5,6,true,true,FICTIONAL AND SYNTHETIC — FOR RESEARCH AND DEMONSTRATION ONLY. NOT A REAL PROCUREMENT RECORD OR DECISION. NO UAE GOVERNMENT COMMISSIONING OR ENDORSEMENT.
OFR-00294,REQ-0059,SUP-049,15.96,817,38,18,true,true,FICTIONAL AND SYNTHETIC — FOR RESEARCH AND DEMONSTRATION ONLY. NOT A REAL PROCUREMENT RECORD OR DECISION. NO UAE GOVERNMENT COMMISSIONING OR ENDORSEMENT.
OFR-00295,REQ-0059,SUP-079,15.12,717,10,6,true,true,FICTIONAL AND SYNTHETIC — FOR RESEARCH AND DEMONSTRATION ONLY. NOT A REAL PROCUREMENT RECORD OR DECISION. NO UAE GOVERNMENT COMMISSIONING OR ENDORSEMENT.
OFR-00296,REQ-0060,SUP-065,73.45,346,56,24,true,true,FICTIONAL AND SYNTHETIC — FOR RESEARCH AND DEMONSTRATION ONLY. NOT A REAL PROCUREMENT RECORD OR DECISION. NO UAE GOVERNMENT COMMISSIONING OR ENDORSEMENT.
OFR-00297,REQ-0060,SUP-030,65.65,400,14,24,true,true,FICTIONAL AND SYNTHETIC — FOR RESEARCH AND DEMONSTRATION ONLY. NOT A REAL PROCUREMENT RECORD OR DECISION. NO UAE GOVERNMENT COMMISSIONING OR ENDORSEMENT.
OFR-00298,REQ-0060,SUP-021,61.10,417,51,24,true,true,FICTIONAL AND SYNTHETIC — FOR RESEARCH AND DEMONSTRATION ONLY. NOT A REAL PROCUREMENT RECORD OR DECISION. NO UAE GOVERNMENT COMMISSIONING OR ENDORSEMENT.
OFR-00299,REQ-0060,SUP-071,68.25,182,17,6,true,true,FICTIONAL AND SYNTHETIC — FOR RESEARCH AND DEMONSTRATION ONLY. NOT A REAL PROCUREMENT RECORD OR DECISION. NO UAE GOVERNMENT COMMISSIONING OR ENDORSEMENT.
OFR-00300,REQ-0060,SUP-050,78.00,220,72,12,true,true,FICTIONAL AND SYNTHETIC — FOR RESEARCH AND DEMONSTRATION ONLY. NOT A REAL PROCUREMENT RECORD OR DECISION. NO UAE GOVERNMENT COMMISSIONING OR ENDORSEMENT.
OFR-00301,REQ-0061,SUP-081,267.80,64,14,6,true,true,FICTIONAL AND SYNTHETIC — FOR RESEARCH AND DEMONSTRATION ONLY. NOT A REAL PROCUREMENT RECORD OR DECISION. NO UAE GOVERNMENT COMMISSIONING OR ENDORSEMENT.
OFR-00302,REQ-0061,SUP-065,275.60,57,17,3,true,true,FICTIONAL AND SYNTHETIC — FOR RESEARCH AND DEMONSTRATION ONLY. NOT A REAL PROCUREMENT RECORD OR DECISION. NO UAE GOVERNMENT COMMISSIONING OR ENDORSEMENT.
OFR-00303,REQ-0061,SUP-061,267.80,67,4,3,true,true,FICTIONAL AND SYNTHETIC — FOR RESEARCH AND DEMONSTRATION ONLY. NOT A REAL PROCUREMENT RECORD OR DECISION. NO UAE GOVERNMENT COMMISSIONING OR ENDORSEMENT.
OFR-00304,REQ-0061,SUP-014,304.20,28,31,18,true,true,FICTIONAL AND SYNTHETIC — FOR RESEARCH AND DEMONSTRATION ONLY. NOT A REAL PROCUREMENT RECORD OR DECISION. NO UAE GOVERNMENT COMMISSIONING OR ENDORSEMENT.
OFR-00305,REQ-0061,SUP-049,260.00,49,31,3,true,true,FICTIONAL AND SYNTHETIC — FOR RESEARCH AND DEMONSTRATION ONLY. NOT A REAL PROCUREMENT RECORD OR DECISION. NO UAE GOVERNMENT COMMISSIONING OR ENDORSEMENT.
OFR-00306,REQ-0062,SUP-012,1200.00,10,12,18,true,true,FICTIONAL AND SYNTHETIC — FOR RESEARCH AND DEMONSTRATION ONLY. NOT A REAL PROCUREMENT RECORD OR DECISION. NO UAE GOVERNMENT COMMISSIONING OR ENDORSEMENT.
OFR-00307,REQ-0062,SUP-093,1187.50,13,2,12,true,true,FICTIONAL AND SYNTHETIC — FOR RESEARCH AND DEMONSTRATION ONLY. NOT A REAL PROCUREMENT RECORD OR DECISION. NO UAE GOVERNMENT COMMISSIONING OR ENDORSEMENT.
OFR-00308,REQ-0062,SUP-034,1150.00,12,10,24,true,true,FICTIONAL AND SYNTHETIC — FOR RESEARCH AND DEMONSTRATION ONLY. NOT A REAL PROCUREMENT RECORD OR DECISION. NO UAE GOVERNMENT COMMISSIONING OR ENDORSEMENT.
OFR-00309,REQ-0062,SUP-057,1200.00,11,4,12,true,true,FICTIONAL AND SYNTHETIC — FOR RESEARCH AND DEMONSTRATION ONLY. NOT A REAL PROCUREMENT RECORD OR DECISION. NO UAE GOVERNMENT COMMISSIONING OR ENDORSEMENT.
OFR-00310,REQ-0062,SUP-002,1225.00,12,31,3,true,true,FICTIONAL AND SYNTHETIC — FOR RESEARCH AND DEMONSTRATION ONLY. NOT A REAL PROCUREMENT RECORD OR DECISION. NO UAE GOVERNMENT COMMISSIONING OR ENDORSEMENT.
OFR-00311,REQ-0063,SUP-028,1995.00,5,25,12,true,true,FICTIONAL AND SYNTHETIC — FOR RESEARCH AND DEMONSTRATION ONLY. NOT A REAL PROCUREMENT RECORD OR DECISION. NO UAE GOVERNMENT COMMISSIONING OR ENDORSEMENT.
OFR-00312,REQ-0063,SUP-023,2128.00,7,20,18,true,true,FICTIONAL AND SYNTHETIC — FOR RESEARCH AND DEMONSTRATION ONLY. NOT A REAL PROCUREMENT RECORD OR DECISION. NO UAE GOVERNMENT COMMISSIONING OR ENDORSEMENT.
OFR-00313,REQ-0063,SUP-078,1653.00,6,17,6,true,true,FICTIONAL AND SYNTHETIC — FOR RESEARCH AND DEMONSTRATION ONLY. NOT A REAL PROCUREMENT RECORD OR DECISION. NO UAE GOVERNMENT COMMISSIONING OR ENDORSEMENT.
OFR-00314,REQ-0063,SUP-039,1900.00,4,42,6,true,true,FICTIONAL AND SYNTHETIC — FOR RESEARCH AND DEMONSTRATION ONLY. NOT A REAL PROCUREMENT RECORD OR DECISION. NO UAE GOVERNMENT COMMISSIONING OR ENDORSEMENT.
OFR-00315,REQ-0063,SUP-034,1786.00,5,34,3,false,true,FICTIONAL AND SYNTHETIC — FOR RESEARCH AND DEMONSTRATION ONLY. NOT A REAL PROCUREMENT RECORD OR DECISION. NO UAE GOVERNMENT COMMISSIONING OR ENDORSEMENT.
OFR-00316,REQ-0064,SUP-035,12.88,702,9,24,true,true,FICTIONAL AND SYNTHETIC — FOR RESEARCH AND DEMONSTRATION ONLY. NOT A REAL PROCUREMENT RECORD OR DECISION. NO UAE GOVERNMENT COMMISSIONING OR ENDORSEMENT.
OFR-00317,REQ-0064,SUP-061,13.58,574,5,6,true,true,FICTIONAL AND SYNTHETIC — FOR RESEARCH AND DEMONSTRATION ONLY. NOT A REAL PROCUREMENT RECORD OR DECISION. NO UAE GOVERNMENT COMMISSIONING OR ENDORSEMENT.
OFR-00318,REQ-0064,SUP-004,14.00,618,15,12,true,true,FICTIONAL AND SYNTHETIC — FOR RESEARCH AND DEMONSTRATION ONLY. NOT A REAL PROCUREMENT RECORD OR DECISION. NO UAE GOVERNMENT COMMISSIONING OR ENDORSEMENT.
OFR-00319,REQ-0064,SUP-086,11.34,419,13,6,true,true,FICTIONAL AND SYNTHETIC — FOR RESEARCH AND DEMONSTRATION ONLY. NOT A REAL PROCUREMENT RECORD OR DECISION. NO UAE GOVERNMENT COMMISSIONING OR ENDORSEMENT.
OFR-00320,REQ-0064,SUP-069,12.60,594,24,18,true,true,FICTIONAL AND SYNTHETIC — FOR RESEARCH AND DEMONSTRATION ONLY. NOT A REAL PROCUREMENT RECORD OR DECISION. NO UAE GOVERNMENT COMMISSIONING OR ENDORSEMENT.
OFR-00321,REQ-0065,SUP-006,55.25,530,8,6,true,true,FICTIONAL AND SYNTHETIC — FOR RESEARCH AND DEMONSTRATION ONLY. NOT A REAL PROCUREMENT RECORD OR DECISION. NO UAE GOVERNMENT COMMISSIONING OR ENDORSEMENT.
OFR-00322,REQ-0065,SUP-055,72.80,493,7,24,true,true,FICTIONAL AND SYNTHETIC — FOR RESEARCH AND DEMONSTRATION ONLY. NOT A REAL PROCUREMENT RECORD OR DECISION. NO UAE GOVERNMENT COMMISSIONING OR ENDORSEMENT.
OFR-00323,REQ-0065,SUP-035,73.45,496,2,12,true,true,FICTIONAL AND SYNTHETIC — FOR RESEARCH AND DEMONSTRATION ONLY. NOT A REAL PROCUREMENT RECORD OR DECISION. NO UAE GOVERNMENT COMMISSIONING OR ENDORSEMENT.
OFR-00324,REQ-0065,SUP-076,75.40,340,20,24,false,true,FICTIONAL AND SYNTHETIC — FOR RESEARCH AND DEMONSTRATION ONLY. NOT A REAL PROCUREMENT RECORD OR DECISION. NO UAE GOVERNMENT COMMISSIONING OR ENDORSEMENT.
OFR-00325,REQ-0065,SUP-100,73.45,309,32,3,false,true,FICTIONAL AND SYNTHETIC — FOR RESEARCH AND DEMONSTRATION ONLY. NOT A REAL PROCUREMENT RECORD OR DECISION. NO UAE GOVERNMENT COMMISSIONING OR ENDORSEMENT.
OFR-00326,REQ-0066,SUP-028,215.80,75,2,12,true,true,FICTIONAL AND SYNTHETIC — FOR RESEARCH AND DEMONSTRATION ONLY. NOT A REAL PROCUREMENT RECORD OR DECISION. NO UAE GOVERNMENT COMMISSIONING OR ENDORSEMENT.
OFR-00327,REQ-0066,SUP-054,221.00,53,11,18,true,true,FICTIONAL AND SYNTHETIC — FOR RESEARCH AND DEMONSTRATION ONLY. NOT A REAL PROCUREMENT RECORD OR DECISION. NO UAE GOVERNMENT COMMISSIONING OR ENDORSEMENT.
OFR-00328,REQ-0066,SUP-078,306.80,59,11,3,true,true,FICTIONAL AND SYNTHETIC — FOR RESEARCH AND DEMONSTRATION ONLY. NOT A REAL PROCUREMENT RECORD OR DECISION. NO UAE GOVERNMENT COMMISSIONING OR ENDORSEMENT.
OFR-00329,REQ-0066,SUP-074,312.00,44,5,3,true,true,FICTIONAL AND SYNTHETIC — FOR RESEARCH AND DEMONSTRATION ONLY. NOT A REAL PROCUREMENT RECORD OR DECISION. NO UAE GOVERNMENT COMMISSIONING OR ENDORSEMENT.
OFR-00330,REQ-0066,SUP-056,231.40,39,37,12,true,true,FICTIONAL AND SYNTHETIC — FOR RESEARCH AND DEMONSTRATION ONLY. NOT A REAL PROCUREMENT RECORD OR DECISION. NO UAE GOVERNMENT COMMISSIONING OR ENDORSEMENT.
OFR-00331,REQ-0067,SUP-082,1425.00,9,15,6,true,true,FICTIONAL AND SYNTHETIC — FOR RESEARCH AND DEMONSTRATION ONLY. NOT A REAL PROCUREMENT RECORD OR DECISION. NO UAE GOVERNMENT COMMISSIONING OR ENDORSEMENT.
OFR-00332,REQ-0067,SUP-037,1187.50,9,6,18,true,true,FICTIONAL AND SYNTHETIC — FOR RESEARCH AND DEMONSTRATION ONLY. NOT A REAL PROCUREMENT RECORD OR DECISION. NO UAE GOVERNMENT COMMISSIONING OR ENDORSEMENT.
OFR-00333,REQ-0067,SUP-034,1437.50,8,16,12,true,true,FICTIONAL AND SYNTHETIC — FOR RESEARCH AND DEMONSTRATION ONLY. NOT A REAL PROCUREMENT RECORD OR DECISION. NO UAE GOVERNMENT COMMISSIONING OR ENDORSEMENT.
OFR-00334,REQ-0067,SUP-072,1100.00,11,38,6,false,true,FICTIONAL AND SYNTHETIC — FOR RESEARCH AND DEMONSTRATION ONLY. NOT A REAL PROCUREMENT RECORD OR DECISION. NO UAE GOVERNMENT COMMISSIONING OR ENDORSEMENT.
OFR-00335,REQ-0067,SUP-032,1062.50,9,15,3,true,true,FICTIONAL AND SYNTHETIC — FOR RESEARCH AND DEMONSTRATION ONLY. NOT A REAL PROCUREMENT RECORD OR DECISION. NO UAE GOVERNMENT COMMISSIONING OR ENDORSEMENT.
OFR-00336,REQ-0068,SUP-079,1824.00,26,27,18,true,true,FICTIONAL AND SYNTHETIC — FOR RESEARCH AND DEMONSTRATION ONLY. NOT A REAL PROCUREMENT RECORD OR DECISION. NO UAE GOVERNMENT COMMISSIONING OR ENDORSEMENT.
OFR-00337,REQ-0068,SUP-038,1805.00,31,22,12,true,true,FICTIONAL AND SYNTHETIC — FOR RESEARCH AND DEMONSTRATION ONLY. NOT A REAL PROCUREMENT RECORD OR DECISION. NO UAE GOVERNMENT COMMISSIONING OR ENDORSEMENT.
OFR-00338,REQ-0068,SUP-042,1558.00,30,28,6,true,true,FICTIONAL AND SYNTHETIC — FOR RESEARCH AND DEMONSTRATION ONLY. NOT A REAL PROCUREMENT RECORD OR DECISION. NO UAE GOVERNMENT COMMISSIONING OR ENDORSEMENT.
OFR-00339,REQ-0068,SUP-080,1900.00,16,53,3,false,true,FICTIONAL AND SYNTHETIC — FOR RESEARCH AND DEMONSTRATION ONLY. NOT A REAL PROCUREMENT RECORD OR DECISION. NO UAE GOVERNMENT COMMISSIONING OR ENDORSEMENT.
OFR-00340,REQ-0068,SUP-011,1634.00,13,22,12,true,true,FICTIONAL AND SYNTHETIC — FOR RESEARCH AND DEMONSTRATION ONLY. NOT A REAL PROCUREMENT RECORD OR DECISION. NO UAE GOVERNMENT COMMISSIONING OR ENDORSEMENT.
OFR-00341,REQ-0069,SUP-044,13.72,2054,1,12,true,true,FICTIONAL AND SYNTHETIC — FOR RESEARCH AND DEMONSTRATION ONLY. NOT A REAL PROCUREMENT RECORD OR DECISION. NO UAE GOVERNMENT COMMISSIONING OR ENDORSEMENT.
OFR-00342,REQ-0069,SUP-069,15.54,2091,8,24,true,true,FICTIONAL AND SYNTHETIC — FOR RESEARCH AND DEMONSTRATION ONLY. NOT A REAL PROCUREMENT RECORD OR DECISION. NO UAE GOVERNMENT COMMISSIONING OR ENDORSEMENT.
OFR-00343,REQ-0069,SUP-088,11.90,2171,4,24,true,true,FICTIONAL AND SYNTHETIC — FOR RESEARCH AND DEMONSTRATION ONLY. NOT A REAL PROCUREMENT RECORD OR DECISION. NO UAE GOVERNMENT COMMISSIONING OR ENDORSEMENT.
OFR-00344,REQ-0069,SUP-054,14.00,1360,12,6,true,true,FICTIONAL AND SYNTHETIC — FOR RESEARCH AND DEMONSTRATION ONLY. NOT A REAL PROCUREMENT RECORD OR DECISION. NO UAE GOVERNMENT COMMISSIONING OR ENDORSEMENT.
OFR-00345,REQ-0069,SUP-047,15.54,1669,36,24,true,true,FICTIONAL AND SYNTHETIC — FOR RESEARCH AND DEMONSTRATION ONLY. NOT A REAL PROCUREMENT RECORD OR DECISION. NO UAE GOVERNMENT COMMISSIONING OR ENDORSEMENT.
OFR-00346,REQ-0070,SUP-025,55.90,103,50,18,true,true,FICTIONAL AND SYNTHETIC — FOR RESEARCH AND DEMONSTRATION ONLY. NOT A REAL PROCUREMENT RECORD OR DECISION. NO UAE GOVERNMENT COMMISSIONING OR ENDORSEMENT.
OFR-00347,REQ-0070,SUP-015,70.85,107,4,12,true,true,FICTIONAL AND SYNTHETIC — FOR RESEARCH AND DEMONSTRATION ONLY. NOT A REAL PROCUREMENT RECORD OR DECISION. NO UAE GOVERNMENT COMMISSIONING OR ENDORSEMENT.
OFR-00348,REQ-0070,SUP-055,62.40,96,38,18,true,true,FICTIONAL AND SYNTHETIC — FOR RESEARCH AND DEMONSTRATION ONLY. NOT A REAL PROCUREMENT RECORD OR DECISION. NO UAE GOVERNMENT COMMISSIONING OR ENDORSEMENT.
OFR-00349,REQ-0070,SUP-004,62.40,100,25,18,true,true,FICTIONAL AND SYNTHETIC — FOR RESEARCH AND DEMONSTRATION ONLY. NOT A REAL PROCUREMENT RECORD OR DECISION. NO UAE GOVERNMENT COMMISSIONING OR ENDORSEMENT.
OFR-00350,REQ-0070,SUP-100,61.75,58,19,18,false,true,FICTIONAL AND SYNTHETIC — FOR RESEARCH AND DEMONSTRATION ONLY. NOT A REAL PROCUREMENT RECORD OR DECISION. NO UAE GOVERNMENT COMMISSIONING OR ENDORSEMENT.
OFR-00351,REQ-0071,SUP-026,231.40,87,14,12,true,true,FICTIONAL AND SYNTHETIC — FOR RESEARCH AND DEMONSTRATION ONLY. NOT A REAL PROCUREMENT RECORD OR DECISION. NO UAE GOVERNMENT COMMISSIONING OR ENDORSEMENT.
OFR-00352,REQ-0071,SUP-091,239.20,83,15,24,true,true,FICTIONAL AND SYNTHETIC — FOR RESEARCH AND DEMONSTRATION ONLY. NOT A REAL PROCUREMENT RECORD OR DECISION. NO UAE GOVERNMENT COMMISSIONING OR ENDORSEMENT.
OFR-00353,REQ-0071,SUP-084,312.00,66,5,6,true,true,FICTIONAL AND SYNTHETIC — FOR RESEARCH AND DEMONSTRATION ONLY. NOT A REAL PROCUREMENT RECORD OR DECISION. NO UAE GOVERNMENT COMMISSIONING OR ENDORSEMENT.
OFR-00354,REQ-0071,SUP-028,252.20,58,32,24,true,true,FICTIONAL AND SYNTHETIC — FOR RESEARCH AND DEMONSTRATION ONLY. NOT A REAL PROCUREMENT RECORD OR DECISION. NO UAE GOVERNMENT COMMISSIONING OR ENDORSEMENT.
OFR-00355,REQ-0071,SUP-100,309.40,59,9,18,true,true,FICTIONAL AND SYNTHETIC — FOR RESEARCH AND DEMONSTRATION ONLY. NOT A REAL PROCUREMENT RECORD OR DECISION. NO UAE GOVERNMENT COMMISSIONING OR ENDORSEMENT.
OFR-00356,REQ-0072,SUP-082,1200.00,18,7,18,true,true,FICTIONAL AND SYNTHETIC — FOR RESEARCH AND DEMONSTRATION ONLY. NOT A REAL PROCUREMENT RECORD OR DECISION. NO UAE GOVERNMENT COMMISSIONING OR ENDORSEMENT.
OFR-00357,REQ-0072,SUP-002,1062.50,18,40,18,true,true,FICTIONAL AND SYNTHETIC — FOR RESEARCH AND DEMONSTRATION ONLY. NOT A REAL PROCUREMENT RECORD OR DECISION. NO UAE GOVERNMENT COMMISSIONING OR ENDORSEMENT.
OFR-00358,REQ-0072,SUP-037,1225.00,21,47,24,true,true,FICTIONAL AND SYNTHETIC — FOR RESEARCH AND DEMONSTRATION ONLY. NOT A REAL PROCUREMENT RECORD OR DECISION. NO UAE GOVERNMENT COMMISSIONING OR ENDORSEMENT.
OFR-00359,REQ-0072,SUP-057,1462.50,19,36,6,false,true,FICTIONAL AND SYNTHETIC — FOR RESEARCH AND DEMONSTRATION ONLY. NOT A REAL PROCUREMENT RECORD OR DECISION. NO UAE GOVERNMENT COMMISSIONING OR ENDORSEMENT.
OFR-00360,REQ-0072,SUP-001,1262.50,15,46,18,true,true,FICTIONAL AND SYNTHETIC — FOR RESEARCH AND DEMONSTRATION ONLY. NOT A REAL PROCUREMENT RECORD OR DECISION. NO UAE GOVERNMENT COMMISSIONING OR ENDORSEMENT.
OFR-00361,REQ-0073,SUP-033,1672.00,31,33,3,true,true,FICTIONAL AND SYNTHETIC — FOR RESEARCH AND DEMONSTRATION ONLY. NOT A REAL PROCUREMENT RECORD OR DECISION. NO UAE GOVERNMENT COMMISSIONING OR ENDORSEMENT.
OFR-00362,REQ-0073,SUP-025,2166.00,30,24,12,true,true,FICTIONAL AND SYNTHETIC — FOR RESEARCH AND DEMONSTRATION ONLY. NOT A REAL PROCUREMENT RECORD OR DECISION. NO UAE GOVERNMENT COMMISSIONING OR ENDORSEMENT.
OFR-00363,REQ-0073,SUP-038,1805.00,27,33,12,true,true,FICTIONAL AND SYNTHETIC — FOR RESEARCH AND DEMONSTRATION ONLY. NOT A REAL PROCUREMENT RECORD OR DECISION. NO UAE GOVERNMENT COMMISSIONING OR ENDORSEMENT.
OFR-00364,REQ-0073,SUP-019,1558.00,12,20,12,false,true,FICTIONAL AND SYNTHETIC — FOR RESEARCH AND DEMONSTRATION ONLY. NOT A REAL PROCUREMENT RECORD OR DECISION. NO UAE GOVERNMENT COMMISSIONING OR ENDORSEMENT.
OFR-00365,REQ-0073,SUP-011,1976.00,15,49,18,true,true,FICTIONAL AND SYNTHETIC — FOR RESEARCH AND DEMONSTRATION ONLY. NOT A REAL PROCUREMENT RECORD OR DECISION. NO UAE GOVERNMENT COMMISSIONING OR ENDORSEMENT.
OFR-00366,REQ-0074,SUP-023,11.20,1202,24,6,true,true,FICTIONAL AND SYNTHETIC — FOR RESEARCH AND DEMONSTRATION ONLY. NOT A REAL PROCUREMENT RECORD OR DECISION. NO UAE GOVERNMENT COMMISSIONING OR ENDORSEMENT.
OFR-00367,REQ-0074,SUP-009,13.30,1284,5,3,true,true,FICTIONAL AND SYNTHETIC — FOR RESEARCH AND DEMONSTRATION ONLY. NOT A REAL PROCUREMENT RECORD OR DECISION. NO UAE GOVERNMENT COMMISSIONING OR ENDORSEMENT.
OFR-00368,REQ-0074,SUP-034,12.46,1560,15,18,true,true,FICTIONAL AND SYNTHETIC — FOR RESEARCH AND DEMONSTRATION ONLY. NOT A REAL PROCUREMENT RECORD OR DECISION. NO UAE GOVERNMENT COMMISSIONING OR ENDORSEMENT.
OFR-00369,REQ-0074,SUP-020,14.00,1262,19,24,true,true,FICTIONAL AND SYNTHETIC — FOR RESEARCH AND DEMONSTRATION ONLY. NOT A REAL PROCUREMENT RECORD OR DECISION. NO UAE GOVERNMENT COMMISSIONING OR ENDORSEMENT.
OFR-00370,REQ-0074,SUP-084,15.26,1251,12,6,false,true,FICTIONAL AND SYNTHETIC — FOR RESEARCH AND DEMONSTRATION ONLY. NOT A REAL PROCUREMENT RECORD OR DECISION. NO UAE GOVERNMENT COMMISSIONING OR ENDORSEMENT.
OFR-00371,REQ-0075,SUP-071,67.60,275,14,6,true,true,FICTIONAL AND SYNTHETIC — FOR RESEARCH AND DEMONSTRATION ONLY. NOT A REAL PROCUREMENT RECORD OR DECISION. NO UAE GOVERNMENT COMMISSIONING OR ENDORSEMENT.
OFR-00372,REQ-0075,SUP-060,67.60,234,13,3,true,true,FICTIONAL AND SYNTHETIC — FOR RESEARCH AND DEMONSTRATION ONLY. NOT A REAL PROCUREMENT RECORD OR DECISION. NO UAE GOVERNMENT COMMISSIONING OR ENDORSEMENT.
OFR-00373,REQ-0075,SUP-048,73.45,224,17,12,true,true,FICTIONAL AND SYNTHETIC — FOR RESEARCH AND DEMONSTRATION ONLY. NOT A REAL PROCUREMENT RECORD OR DECISION. NO UAE GOVERNMENT COMMISSIONING OR ENDORSEMENT.
OFR-00374,REQ-0075,SUP-020,64.35,115,2,6,false,true,FICTIONAL AND SYNTHETIC — FOR RESEARCH AND DEMONSTRATION ONLY. NOT A REAL PROCUREMENT RECORD OR DECISION. NO UAE GOVERNMENT COMMISSIONING OR ENDORSEMENT.
OFR-00375,REQ-0075,SUP-085,70.85,105,52,18,true,true,FICTIONAL AND SYNTHETIC — FOR RESEARCH AND DEMONSTRATION ONLY. NOT A REAL PROCUREMENT RECORD OR DECISION. NO UAE GOVERNMENT COMMISSIONING OR ENDORSEMENT.
OFR-00376,REQ-0076,SUP-069,270.40,60,11,6,true,true,FICTIONAL AND SYNTHETIC — FOR RESEARCH AND DEMONSTRATION ONLY. NOT A REAL PROCUREMENT RECORD OR DECISION. NO UAE GOVERNMENT COMMISSIONING OR ENDORSEMENT.
OFR-00377,REQ-0076,SUP-006,275.60,55,1,12,true,true,FICTIONAL AND SYNTHETIC — FOR RESEARCH AND DEMONSTRATION ONLY. NOT A REAL PROCUREMENT RECORD OR DECISION. NO UAE GOVERNMENT COMMISSIONING OR ENDORSEMENT.
OFR-00378,REQ-0076,SUP-074,231.40,56,5,3,true,true,FICTIONAL AND SYNTHETIC — FOR RESEARCH AND DEMONSTRATION ONLY. NOT A REAL PROCUREMENT RECORD OR DECISION. NO UAE GOVERNMENT COMMISSIONING OR ENDORSEMENT.
OFR-00379,REQ-0076,SUP-086,278.20,36,9,3,true,true,FICTIONAL AND SYNTHETIC — FOR RESEARCH AND DEMONSTRATION ONLY. NOT A REAL PROCUREMENT RECORD OR DECISION. NO UAE GOVERNMENT COMMISSIONING OR ENDORSEMENT.
OFR-00380,REQ-0076,SUP-078,283.40,48,3,18,true,true,FICTIONAL AND SYNTHETIC — FOR RESEARCH AND DEMONSTRATION ONLY. NOT A REAL PROCUREMENT RECORD OR DECISION. NO UAE GOVERNMENT COMMISSIONING OR ENDORSEMENT.
OFR-00381,REQ-0077,SUP-027,1225.00,21,14,18,true,true,FICTIONAL AND SYNTHETIC — FOR RESEARCH AND DEMONSTRATION ONLY. NOT A REAL PROCUREMENT RECORD OR DECISION. NO UAE GOVERNMENT COMMISSIONING OR ENDORSEMENT.
OFR-00382,REQ-0077,SUP-022,1212.50,17,27,18,true,true,FICTIONAL AND SYNTHETIC — FOR RESEARCH AND DEMONSTRATION ONLY. NOT A REAL PROCUREMENT RECORD OR DECISION. NO UAE GOVERNMENT COMMISSIONING OR ENDORSEMENT.
OFR-00383,REQ-0077,SUP-002,1050.00,15,31,18,true,true,FICTIONAL AND SYNTHETIC — FOR RESEARCH AND DEMONSTRATION ONLY. NOT A REAL PROCUREMENT RECORD OR DECISION. NO UAE GOVERNMENT COMMISSIONING OR ENDORSEMENT.
OFR-00384,REQ-0077,SUP-096,1437.50,13,57,24,true,true,FICTIONAL AND SYNTHETIC — FOR RESEARCH AND DEMONSTRATION ONLY. NOT A REAL PROCUREMENT RECORD OR DECISION. NO UAE GOVERNMENT COMMISSIONING OR ENDORSEMENT.
OFR-00385,REQ-0077,SUP-098,1237.50,18,5,3,true,true,FICTIONAL AND SYNTHETIC — FOR RESEARCH AND DEMONSTRATION ONLY. NOT A REAL PROCUREMENT RECORD OR DECISION. NO UAE GOVERNMENT COMMISSIONING OR ENDORSEMENT.
OFR-00386,REQ-0078,SUP-093,1672.00,5,17,6,true,true,FICTIONAL AND SYNTHETIC — FOR RESEARCH AND DEMONSTRATION ONLY. NOT A REAL PROCUREMENT RECORD OR DECISION. NO UAE GOVERNMENT COMMISSIONING OR ENDORSEMENT.
OFR-00387,REQ-0078,SUP-050,2109.00,6,2,12,true,true,FICTIONAL AND SYNTHETIC — FOR RESEARCH AND DEMONSTRATION ONLY. NOT A REAL PROCUREMENT RECORD OR DECISION. NO UAE GOVERNMENT COMMISSIONING OR ENDORSEMENT.
OFR-00388,REQ-0078,SUP-061,1957.00,5,11,18,true,true,FICTIONAL AND SYNTHETIC — FOR RESEARCH AND DEMONSTRATION ONLY. NOT A REAL PROCUREMENT RECORD OR DECISION. NO UAE GOVERNMENT COMMISSIONING OR ENDORSEMENT.
OFR-00389,REQ-0078,SUP-088,2242.00,6,27,18,true,true,FICTIONAL AND SYNTHETIC — FOR RESEARCH AND DEMONSTRATION ONLY. NOT A REAL PROCUREMENT RECORD OR DECISION. NO UAE GOVERNMENT COMMISSIONING OR ENDORSEMENT.
OFR-00390,REQ-0078,SUP-072,2242.00,6,13,24,true,true,FICTIONAL AND SYNTHETIC — FOR RESEARCH AND DEMONSTRATION ONLY. NOT A REAL PROCUREMENT RECORD OR DECISION. NO UAE GOVERNMENT COMMISSIONING OR ENDORSEMENT.
OFR-00391,REQ-0079,SUP-079,16.38,496,14,3,true,true,FICTIONAL AND SYNTHETIC — FOR RESEARCH AND DEMONSTRATION ONLY. NOT A REAL PROCUREMENT RECORD OR DECISION. NO UAE GOVERNMENT COMMISSIONING OR ENDORSEMENT.
OFR-00392,REQ-0079,SUP-008,13.44,373,17,12,true,true,FICTIONAL AND SYNTHETIC — FOR RESEARCH AND DEMONSTRATION ONLY. NOT A REAL PROCUREMENT RECORD OR DECISION. NO UAE GOVERNMENT COMMISSIONING OR ENDORSEMENT.
OFR-00393,REQ-0079,SUP-060,15.96,393,15,3,true,true,FICTIONAL AND SYNTHETIC — FOR RESEARCH AND DEMONSTRATION ONLY. NOT A REAL PROCUREMENT RECORD OR DECISION. NO UAE GOVERNMENT COMMISSIONING OR ENDORSEMENT.
OFR-00394,REQ-0079,SUP-023,15.54,435,1,18,true,true,FICTIONAL AND SYNTHETIC — FOR RESEARCH AND DEMONSTRATION ONLY. NOT A REAL PROCUREMENT RECORD OR DECISION. NO UAE GOVERNMENT COMMISSIONING OR ENDORSEMENT.
OFR-00395,REQ-0079,SUP-071,12.74,291,9,12,true,true,FICTIONAL AND SYNTHETIC — FOR RESEARCH AND DEMONSTRATION ONLY. NOT A REAL PROCUREMENT RECORD OR DECISION. NO UAE GOVERNMENT COMMISSIONING OR ENDORSEMENT.
OFR-00396,REQ-0080,SUP-033,66.30,262,25,18,true,true,FICTIONAL AND SYNTHETIC — FOR RESEARCH AND DEMONSTRATION ONLY. NOT A REAL PROCUREMENT RECORD OR DECISION. NO UAE GOVERNMENT COMMISSIONING OR ENDORSEMENT.
OFR-00397,REQ-0080,SUP-025,52.00,346,22,24,true,true,FICTIONAL AND SYNTHETIC — FOR RESEARCH AND DEMONSTRATION ONLY. NOT A REAL PROCUREMENT RECORD OR DECISION. NO UAE GOVERNMENT COMMISSIONING OR ENDORSEMENT.
OFR-00398,REQ-0080,SUP-070,78.00,388,16,24,true,true,FICTIONAL AND SYNTHETIC — FOR RESEARCH AND DEMONSTRATION ONLY. NOT A REAL PROCUREMENT RECORD OR DECISION. NO UAE GOVERNMENT COMMISSIONING OR ENDORSEMENT.
OFR-00399,REQ-0080,SUP-037,74.75,196,55,3,true,true,FICTIONAL AND SYNTHETIC — FOR RESEARCH AND DEMONSTRATION ONLY. NOT A REAL PROCUREMENT RECORD OR DECISION. NO UAE GOVERNMENT COMMISSIONING OR ENDORSEMENT.
OFR-00400,REQ-0080,SUP-010,63.70,169,56,18,true,true,FICTIONAL AND SYNTHETIC — FOR RESEARCH AND DEMONSTRATION ONLY. NOT A REAL PROCUREMENT RECORD OR DECISION. NO UAE GOVERNMENT COMMISSIONING OR ENDORSEMENT.
OFR-00401,REQ-0081,SUP-086,218.40,63,10,24,true,true,FICTIONAL AND SYNTHETIC — FOR RESEARCH AND DEMONSTRATION ONLY. NOT A REAL PROCUREMENT RECORD OR DECISION. NO UAE GOVERNMENT COMMISSIONING OR ENDORSEMENT.
OFR-00402,REQ-0081,SUP-056,286.00,60,28,12,true,true,FICTIONAL AND SYNTHETIC — FOR RESEARCH AND DEMONSTRATION ONLY. NOT A REAL PROCUREMENT RECORD OR DECISION. NO UAE GOVERNMENT COMMISSIONING OR ENDORSEMENT.
OFR-00403,REQ-0081,SUP-006,296.40,82,36,3,true,true,FICTIONAL AND SYNTHETIC — FOR RESEARCH AND DEMONSTRATION ONLY. NOT A REAL PROCUREMENT RECORD OR DECISION. NO UAE GOVERNMENT COMMISSIONING OR ENDORSEMENT.
OFR-00404,REQ-0081,SUP-016,228.80,65,43,3,true,true,FICTIONAL AND SYNTHETIC — FOR RESEARCH AND DEMONSTRATION ONLY. NOT A REAL PROCUREMENT RECORD OR DECISION. NO UAE GOVERNMENT COMMISSIONING OR ENDORSEMENT.
OFR-00405,REQ-0081,SUP-075,262.60,32,61,18,true,true,FICTIONAL AND SYNTHETIC — FOR RESEARCH AND DEMONSTRATION ONLY. NOT A REAL PROCUREMENT RECORD OR DECISION. NO UAE GOVERNMENT COMMISSIONING OR ENDORSEMENT.
OFR-00406,REQ-0082,SUP-022,1250.00,29,43,6,true,true,FICTIONAL AND SYNTHETIC — FOR RESEARCH AND DEMONSTRATION ONLY. NOT A REAL PROCUREMENT RECORD OR DECISION. NO UAE GOVERNMENT COMMISSIONING OR ENDORSEMENT.
OFR-00407,REQ-0082,SUP-047,1487.50,28,41,3,true,true,FICTIONAL AND SYNTHETIC — FOR RESEARCH AND DEMONSTRATION ONLY. NOT A REAL PROCUREMENT RECORD OR DECISION. NO UAE GOVERNMENT COMMISSIONING OR ENDORSEMENT.
OFR-00408,REQ-0082,SUP-051,1000.00,30,37,24,true,true,FICTIONAL AND SYNTHETIC — FOR RESEARCH AND DEMONSTRATION ONLY. NOT A REAL PROCUREMENT RECORD OR DECISION. NO UAE GOVERNMENT COMMISSIONING OR ENDORSEMENT.
OFR-00409,REQ-0082,SUP-038,1425.00,31,41,18,true,true,FICTIONAL AND SYNTHETIC — FOR RESEARCH AND DEMONSTRATION ONLY. NOT A REAL PROCUREMENT RECORD OR DECISION. NO UAE GOVERNMENT COMMISSIONING OR ENDORSEMENT.
OFR-00410,REQ-0082,SUP-034,1325.00,25,8,3,true,true,FICTIONAL AND SYNTHETIC — FOR RESEARCH AND DEMONSTRATION ONLY. NOT A REAL PROCUREMENT RECORD OR DECISION. NO UAE GOVERNMENT COMMISSIONING OR ENDORSEMENT.
OFR-00411,REQ-0083,SUP-027,1786.00,16,11,6,true,true,FICTIONAL AND SYNTHETIC — FOR RESEARCH AND DEMONSTRATION ONLY. NOT A REAL PROCUREMENT RECORD OR DECISION. NO UAE GOVERNMENT COMMISSIONING OR ENDORSEMENT.
OFR-00412,REQ-0083,SUP-042,1843.00,20,14,24,true,true,FICTIONAL AND SYNTHETIC — FOR RESEARCH AND DEMONSTRATION ONLY. NOT A REAL PROCUREMENT RECORD OR DECISION. NO UAE GOVERNMENT COMMISSIONING OR ENDORSEMENT.
OFR-00413,REQ-0083,SUP-058,2128.00,22,11,12,true,true,FICTIONAL AND SYNTHETIC — FOR RESEARCH AND DEMONSTRATION ONLY. NOT A REAL PROCUREMENT RECORD OR DECISION. NO UAE GOVERNMENT COMMISSIONING OR ENDORSEMENT.
OFR-00414,REQ-0083,SUP-023,2071.00,16,6,24,true,true,FICTIONAL AND SYNTHETIC — FOR RESEARCH AND DEMONSTRATION ONLY. NOT A REAL PROCUREMENT RECORD OR DECISION. NO UAE GOVERNMENT COMMISSIONING OR ENDORSEMENT.
OFR-00415,REQ-0083,SUP-043,1824.00,8,26,18,true,true,FICTIONAL AND SYNTHETIC — FOR RESEARCH AND DEMONSTRATION ONLY. NOT A REAL PROCUREMENT RECORD OR DECISION. NO UAE GOVERNMENT COMMISSIONING OR ENDORSEMENT.
OFR-00416,REQ-0084,SUP-064,15.26,1519,9,24,true,true,FICTIONAL AND SYNTHETIC — FOR RESEARCH AND DEMONSTRATION ONLY. NOT A REAL PROCUREMENT RECORD OR DECISION. NO UAE GOVERNMENT COMMISSIONING OR ENDORSEMENT.
OFR-00417,REQ-0084,SUP-098,12.60,1412,7,6,true,true,FICTIONAL AND SYNTHETIC — FOR RESEARCH AND DEMONSTRATION ONLY. NOT A REAL PROCUREMENT RECORD OR DECISION. NO UAE GOVERNMENT COMMISSIONING OR ENDORSEMENT.
OFR-00418,REQ-0084,SUP-089,12.32,1598,12,6,true,true,FICTIONAL AND SYNTHETIC — FOR RESEARCH AND DEMONSTRATION ONLY. NOT A REAL PROCUREMENT RECORD OR DECISION. NO UAE GOVERNMENT COMMISSIONING OR ENDORSEMENT.
OFR-00419,REQ-0084,SUP-044,16.52,857,26,6,true,true,FICTIONAL AND SYNTHETIC — FOR RESEARCH AND DEMONSTRATION ONLY. NOT A REAL PROCUREMENT RECORD OR DECISION. NO UAE GOVERNMENT COMMISSIONING OR ENDORSEMENT.
OFR-00420,REQ-0084,SUP-074,11.34,1309,20,12,true,true,FICTIONAL AND SYNTHETIC — FOR RESEARCH AND DEMONSTRATION ONLY. NOT A REAL PROCUREMENT RECORD OR DECISION. NO UAE GOVERNMENT COMMISSIONING OR ENDORSEMENT.
OFR-00421,REQ-0085,SUP-060,76.70,71,3,3,true,true,FICTIONAL AND SYNTHETIC — FOR RESEARCH AND DEMONSTRATION ONLY. NOT A REAL PROCUREMENT RECORD OR DECISION. NO UAE GOVERNMENT COMMISSIONING OR ENDORSEMENT.
OFR-00422,REQ-0085,SUP-006,68.90,80,6,12,true,true,FICTIONAL AND SYNTHETIC — FOR RESEARCH AND DEMONSTRATION ONLY. NOT A REAL PROCUREMENT RECORD OR DECISION. NO UAE GOVERNMENT COMMISSIONING OR ENDORSEMENT.
OFR-00423,REQ-0085,SUP-041,76.70,65,3,12,true,true,FICTIONAL AND SYNTHETIC — FOR RESEARCH AND DEMONSTRATION ONLY. NOT A REAL PROCUREMENT RECORD OR DECISION. NO UAE GOVERNMENT COMMISSIONING OR ENDORSEMENT.
OFR-00424,REQ-0085,SUP-075,59.80,29,25,24,true,true,FICTIONAL AND SYNTHETIC — FOR RESEARCH AND DEMONSTRATION ONLY. NOT A REAL PROCUREMENT RECORD OR DECISION. NO UAE GOVERNMENT COMMISSIONING OR ENDORSEMENT.
OFR-00425,REQ-0085,SUP-045,52.65,33,12,18,true,true,FICTIONAL AND SYNTHETIC — FOR RESEARCH AND DEMONSTRATION ONLY. NOT A REAL PROCUREMENT RECORD OR DECISION. NO UAE GOVERNMENT COMMISSIONING OR ENDORSEMENT.
OFR-00426,REQ-0086,SUP-036,275.60,20,1,12,true,true,FICTIONAL AND SYNTHETIC — FOR RESEARCH AND DEMONSTRATION ONLY. NOT A REAL PROCUREMENT RECORD OR DECISION. NO UAE GOVERNMENT COMMISSIONING OR ENDORSEMENT.
OFR-00427,REQ-0086,SUP-081,299.00,19,6,3,true,true,FICTIONAL AND SYNTHETIC — FOR RESEARCH AND DEMONSTRATION ONLY. NOT A REAL PROCUREMENT RECORD OR DECISION. NO UAE GOVERNMENT COMMISSIONING OR ENDORSEMENT.
OFR-00428,REQ-0086,SUP-016,278.20,18,4,3,true,true,FICTIONAL AND SYNTHETIC — FOR RESEARCH AND DEMONSTRATION ONLY. NOT A REAL PROCUREMENT RECORD OR DECISION. NO UAE GOVERNMENT COMMISSIONING OR ENDORSEMENT.
OFR-00429,REQ-0086,SUP-096,291.20,10,35,24,true,true,FICTIONAL AND SYNTHETIC — FOR RESEARCH AND DEMONSTRATION ONLY. NOT A REAL PROCUREMENT RECORD OR DECISION. NO UAE GOVERNMENT COMMISSIONING OR ENDORSEMENT.
OFR-00430,REQ-0086,SUP-041,234.00,15,28,24,true,true,FICTIONAL AND SYNTHETIC — FOR RESEARCH AND DEMONSTRATION ONLY. NOT A REAL PROCUREMENT RECORD OR DECISION. NO UAE GOVERNMENT COMMISSIONING OR ENDORSEMENT.
OFR-00431,REQ-0087,SUP-027,1025.00,38,1,3,true,true,FICTIONAL AND SYNTHETIC — FOR RESEARCH AND DEMONSTRATION ONLY. NOT A REAL PROCUREMENT RECORD OR DECISION. NO UAE GOVERNMENT COMMISSIONING OR ENDORSEMENT.
OFR-00432,REQ-0087,SUP-047,1375.00,36,43,18,true,true,FICTIONAL AND SYNTHETIC — FOR RESEARCH AND DEMONSTRATION ONLY. NOT A REAL PROCUREMENT RECORD OR DECISION. NO UAE GOVERNMENT COMMISSIONING OR ENDORSEMENT.
OFR-00433,REQ-0087,SUP-052,1250.00,28,11,24,true,true,FICTIONAL AND SYNTHETIC — FOR RESEARCH AND DEMONSTRATION ONLY. NOT A REAL PROCUREMENT RECORD OR DECISION. NO UAE GOVERNMENT COMMISSIONING OR ENDORSEMENT.
OFR-00434,REQ-0087,SUP-032,1462.50,20,46,12,true,true,FICTIONAL AND SYNTHETIC — FOR RESEARCH AND DEMONSTRATION ONLY. NOT A REAL PROCUREMENT RECORD OR DECISION. NO UAE GOVERNMENT COMMISSIONING OR ENDORSEMENT.
OFR-00435,REQ-0087,SUP-033,1137.50,31,46,12,true,true,FICTIONAL AND SYNTHETIC — FOR RESEARCH AND DEMONSTRATION ONLY. NOT A REAL PROCUREMENT RECORD OR DECISION. NO UAE GOVERNMENT COMMISSIONING OR ENDORSEMENT.
OFR-00436,REQ-0088,SUP-089,1805.00,23,10,3,true,true,FICTIONAL AND SYNTHETIC — FOR RESEARCH AND DEMONSTRATION ONLY. NOT A REAL PROCUREMENT RECORD OR DECISION. NO UAE GOVERNMENT COMMISSIONING OR ENDORSEMENT.
OFR-00437,REQ-0088,SUP-031,1634.00,16,3,24,true,true,FICTIONAL AND SYNTHETIC — FOR RESEARCH AND DEMONSTRATION ONLY. NOT A REAL PROCUREMENT RECORD OR DECISION. NO UAE GOVERNMENT COMMISSIONING OR ENDORSEMENT.
OFR-00438,REQ-0088,SUP-061,2280.00,16,7,24,true,true,FICTIONAL AND SYNTHETIC — FOR RESEARCH AND DEMONSTRATION ONLY. NOT A REAL PROCUREMENT RECORD OR DECISION. NO UAE GOVERNMENT COMMISSIONING OR ENDORSEMENT.
OFR-00439,REQ-0088,SUP-088,2166.00,16,45,3,true,true,FICTIONAL AND SYNTHETIC — FOR RESEARCH AND DEMONSTRATION ONLY. NOT A REAL PROCUREMENT RECORD OR DECISION. NO UAE GOVERNMENT COMMISSIONING OR ENDORSEMENT.
OFR-00440,REQ-0088,SUP-053,2147.00,15,5,3,true,true,FICTIONAL AND SYNTHETIC — FOR RESEARCH AND DEMONSTRATION ONLY. NOT A REAL PROCUREMENT RECORD OR DECISION. NO UAE GOVERNMENT COMMISSIONING OR ENDORSEMENT.
OFR-00441,REQ-0089,SUP-069,13.58,2201,19,3,true,true,FICTIONAL AND SYNTHETIC — FOR RESEARCH AND DEMONSTRATION ONLY. NOT A REAL PROCUREMENT RECORD OR DECISION. NO UAE GOVERNMENT COMMISSIONING OR ENDORSEMENT.
OFR-00442,REQ-0089,SUP-059,15.12,2221,16,12,true,true,FICTIONAL AND SYNTHETIC — FOR RESEARCH AND DEMONSTRATION ONLY. NOT A REAL PROCUREMENT RECORD OR DECISION. NO UAE GOVERNMENT COMMISSIONING OR ENDORSEMENT.
OFR-00443,REQ-0089,SUP-098,15.82,1933,13,12,true,true,FICTIONAL AND SYNTHETIC — FOR RESEARCH AND DEMONSTRATION ONLY. NOT A REAL PROCUREMENT RECORD OR DECISION. NO UAE GOVERNMENT COMMISSIONING OR ENDORSEMENT.
OFR-00444,REQ-0089,SUP-027,16.52,1017,32,3,true,true,FICTIONAL AND SYNTHETIC — FOR RESEARCH AND DEMONSTRATION ONLY. NOT A REAL PROCUREMENT RECORD OR DECISION. NO UAE GOVERNMENT COMMISSIONING OR ENDORSEMENT.
OFR-00445,REQ-0089,SUP-061,12.74,2206,8,18,false,true,FICTIONAL AND SYNTHETIC — FOR RESEARCH AND DEMONSTRATION ONLY. NOT A REAL PROCUREMENT RECORD OR DECISION. NO UAE GOVERNMENT COMMISSIONING OR ENDORSEMENT.
OFR-00446,REQ-0090,SUP-049,63.70,310,5,18,true,true,FICTIONAL AND SYNTHETIC — FOR RESEARCH AND DEMONSTRATION ONLY. NOT A REAL PROCUREMENT RECORD OR DECISION. NO UAE GOVERNMENT COMMISSIONING OR ENDORSEMENT.
OFR-00447,REQ-0090,SUP-076,65.00,308,19,24,true,true,FICTIONAL AND SYNTHETIC — FOR RESEARCH AND DEMONSTRATION ONLY. NOT A REAL PROCUREMENT RECORD OR DECISION. NO UAE GOVERNMENT COMMISSIONING OR ENDORSEMENT.
OFR-00448,REQ-0090,SUP-070,59.80,370,11,6,true,true,FICTIONAL AND SYNTHETIC — FOR RESEARCH AND DEMONSTRATION ONLY. NOT A REAL PROCUREMENT RECORD OR DECISION. NO UAE GOVERNMENT COMMISSIONING OR ENDORSEMENT.
OFR-00449,REQ-0090,SUP-021,54.60,332,36,12,false,true,FICTIONAL AND SYNTHETIC — FOR RESEARCH AND DEMONSTRATION ONLY. NOT A REAL PROCUREMENT RECORD OR DECISION. NO UAE GOVERNMENT COMMISSIONING OR ENDORSEMENT.
OFR-00450,REQ-0090,SUP-035,66.30,235,40,18,true,true,FICTIONAL AND SYNTHETIC — FOR RESEARCH AND DEMONSTRATION ONLY. NOT A REAL PROCUREMENT RECORD OR DECISION. NO UAE GOVERNMENT COMMISSIONING OR ENDORSEMENT.
OFR-00451,REQ-0091,SUP-013,304.20,27,9,6,true,true,FICTIONAL AND SYNTHETIC — FOR RESEARCH AND DEMONSTRATION ONLY. NOT A REAL PROCUREMENT RECORD OR DECISION. NO UAE GOVERNMENT COMMISSIONING OR ENDORSEMENT.
OFR-00452,REQ-0091,SUP-071,296.40,32,19,24,true,true,FICTIONAL AND SYNTHETIC — FOR RESEARCH AND DEMONSTRATION ONLY. NOT A REAL PROCUREMENT RECORD OR DECISION. NO UAE GOVERNMENT COMMISSIONING OR ENDORSEMENT.
OFR-00453,REQ-0091,SUP-081,249.60,23,2,12,true,true,FICTIONAL AND SYNTHETIC — FOR RESEARCH AND DEMONSTRATION ONLY. NOT A REAL PROCUREMENT RECORD OR DECISION. NO UAE GOVERNMENT COMMISSIONING OR ENDORSEMENT.
OFR-00454,REQ-0091,SUP-016,226.20,30,8,24,false,true,FICTIONAL AND SYNTHETIC — FOR RESEARCH AND DEMONSTRATION ONLY. NOT A REAL PROCUREMENT RECORD OR DECISION. NO UAE GOVERNMENT COMMISSIONING OR ENDORSEMENT.
OFR-00455,REQ-0091,SUP-084,241.80,19,37,6,true,true,FICTIONAL AND SYNTHETIC — FOR RESEARCH AND DEMONSTRATION ONLY. NOT A REAL PROCUREMENT RECORD OR DECISION. NO UAE GOVERNMENT COMMISSIONING OR ENDORSEMENT.
OFR-00456,REQ-0092,SUP-047,1187.50,42,3,6,true,true,FICTIONAL AND SYNTHETIC — FOR RESEARCH AND DEMONSTRATION ONLY. NOT A REAL PROCUREMENT RECORD OR DECISION. NO UAE GOVERNMENT COMMISSIONING OR ENDORSEMENT.
OFR-00457,REQ-0092,SUP-069,1037.50,43,1,24,true,true,FICTIONAL AND SYNTHETIC — FOR RESEARCH AND DEMONSTRATION ONLY. NOT A REAL PROCUREMENT RECORD OR DECISION. NO UAE GOVERNMENT COMMISSIONING OR ENDORSEMENT.
OFR-00458,REQ-0092,SUP-022,1062.50,39,6,12,true,true,FICTIONAL AND SYNTHETIC — FOR RESEARCH AND DEMONSTRATION ONLY. NOT A REAL PROCUREMENT RECORD OR DECISION. NO UAE GOVERNMENT COMMISSIONING OR ENDORSEMENT.
OFR-00459,REQ-0092,SUP-067,1000.00,37,25,6,true,true,FICTIONAL AND SYNTHETIC — FOR RESEARCH AND DEMONSTRATION ONLY. NOT A REAL PROCUREMENT RECORD OR DECISION. NO UAE GOVERNMENT COMMISSIONING OR ENDORSEMENT.
OFR-00460,REQ-0092,SUP-062,1150.00,28,9,18,true,true,FICTIONAL AND SYNTHETIC — FOR RESEARCH AND DEMONSTRATION ONLY. NOT A REAL PROCUREMENT RECORD OR DECISION. NO UAE GOVERNMENT COMMISSIONING OR ENDORSEMENT.
OFR-00461,REQ-0093,SUP-080,1862.00,6,23,24,true,true,FICTIONAL AND SYNTHETIC — FOR RESEARCH AND DEMONSTRATION ONLY. NOT A REAL PROCUREMENT RECORD OR DECISION. NO UAE GOVERNMENT COMMISSIONING OR ENDORSEMENT.
OFR-00462,REQ-0093,SUP-006,2109.00,4,21,24,true,true,FICTIONAL AND SYNTHETIC — FOR RESEARCH AND DEMONSTRATION ONLY. NOT A REAL PROCUREMENT RECORD OR DECISION. NO UAE GOVERNMENT COMMISSIONING OR ENDORSEMENT.
OFR-00463,REQ-0093,SUP-059,1767.00,4,3,12,true,true,FICTIONAL AND SYNTHETIC — FOR RESEARCH AND DEMONSTRATION ONLY. NOT A REAL PROCUREMENT RECORD OR DECISION. NO UAE GOVERNMENT COMMISSIONING OR ENDORSEMENT.
OFR-00464,REQ-0093,SUP-092,1938.00,3,32,12,true,true,FICTIONAL AND SYNTHETIC — FOR RESEARCH AND DEMONSTRATION ONLY. NOT A REAL PROCUREMENT RECORD OR DECISION. NO UAE GOVERNMENT COMMISSIONING OR ENDORSEMENT.
OFR-00465,REQ-0093,SUP-034,1976.00,6,35,6,true,true,FICTIONAL AND SYNTHETIC — FOR RESEARCH AND DEMONSTRATION ONLY. NOT A REAL PROCUREMENT RECORD OR DECISION. NO UAE GOVERNMENT COMMISSIONING OR ENDORSEMENT.
OFR-00466,REQ-0094,SUP-048,14.42,1509,3,6,true,true,FICTIONAL AND SYNTHETIC — FOR RESEARCH AND DEMONSTRATION ONLY. NOT A REAL PROCUREMENT RECORD OR DECISION. NO UAE GOVERNMENT COMMISSIONING OR ENDORSEMENT.
OFR-00467,REQ-0094,SUP-060,14.00,1385,8,18,true,true,FICTIONAL AND SYNTHETIC — FOR RESEARCH AND DEMONSTRATION ONLY. NOT A REAL PROCUREMENT RECORD OR DECISION. NO UAE GOVERNMENT COMMISSIONING OR ENDORSEMENT.
OFR-00468,REQ-0094,SUP-039,14.00,1435,3,12,true,true,FICTIONAL AND SYNTHETIC — FOR RESEARCH AND DEMONSTRATION ONLY. NOT A REAL PROCUREMENT RECORD OR DECISION. NO UAE GOVERNMENT COMMISSIONING OR ENDORSEMENT.
OFR-00469,REQ-0094,SUP-064,14.14,619,28,12,true,true,FICTIONAL AND SYNTHETIC — FOR RESEARCH AND DEMONSTRATION ONLY. NOT A REAL PROCUREMENT RECORD OR DECISION. NO UAE GOVERNMENT COMMISSIONING OR ENDORSEMENT.
OFR-00470,REQ-0094,SUP-100,14.98,824,3,3,true,true,FICTIONAL AND SYNTHETIC — FOR RESEARCH AND DEMONSTRATION ONLY. NOT A REAL PROCUREMENT RECORD OR DECISION. NO UAE GOVERNMENT COMMISSIONING OR ENDORSEMENT.
OFR-00471,REQ-0095,SUP-015,76.70,507,6,3,true,true,FICTIONAL AND SYNTHETIC — FOR RESEARCH AND DEMONSTRATION ONLY. NOT A REAL PROCUREMENT RECORD OR DECISION. NO UAE GOVERNMENT COMMISSIONING OR ENDORSEMENT.
OFR-00472,REQ-0095,SUP-048,68.90,449,9,18,true,true,FICTIONAL AND SYNTHETIC — FOR RESEARCH AND DEMONSTRATION ONLY. NOT A REAL PROCUREMENT RECORD OR DECISION. NO UAE GOVERNMENT COMMISSIONING OR ENDORSEMENT.
OFR-00473,REQ-0095,SUP-006,69.55,378,2,12,true,true,FICTIONAL AND SYNTHETIC — FOR RESEARCH AND DEMONSTRATION ONLY. NOT A REAL PROCUREMENT RECORD OR DECISION. NO UAE GOVERNMENT COMMISSIONING OR ENDORSEMENT.
OFR-00474,REQ-0095,SUP-055,78.00,464,2,3,false,true,FICTIONAL AND SYNTHETIC — FOR RESEARCH AND DEMONSTRATION ONLY. NOT A REAL PROCUREMENT RECORD OR DECISION. NO UAE GOVERNMENT COMMISSIONING OR ENDORSEMENT.
OFR-00475,REQ-0095,SUP-049,61.75,362,10,6,false,true,FICTIONAL AND SYNTHETIC — FOR RESEARCH AND DEMONSTRATION ONLY. NOT A REAL PROCUREMENT RECORD OR DECISION. NO UAE GOVERNMENT COMMISSIONING OR ENDORSEMENT.
OFR-00476,REQ-0096,SUP-081,244.40,36,20,12,true,true,FICTIONAL AND SYNTHETIC — FOR RESEARCH AND DEMONSTRATION ONLY. NOT A REAL PROCUREMENT RECORD OR DECISION. NO UAE GOVERNMENT COMMISSIONING OR ENDORSEMENT.
OFR-00477,REQ-0096,SUP-028,291.20,44,17,12,true,true,FICTIONAL AND SYNTHETIC — FOR RESEARCH AND DEMONSTRATION ONLY. NOT A REAL PROCUREMENT RECORD OR DECISION. NO UAE GOVERNMENT COMMISSIONING OR ENDORSEMENT.
OFR-00478,REQ-0096,SUP-091,291.20,40,5,12,true,true,FICTIONAL AND SYNTHETIC — FOR RESEARCH AND DEMONSTRATION ONLY. NOT A REAL PROCUREMENT RECORD OR DECISION. NO UAE GOVERNMENT COMMISSIONING OR ENDORSEMENT.
OFR-00479,REQ-0096,SUP-075,210.60,21,2,6,true,true,FICTIONAL AND SYNTHETIC — FOR RESEARCH AND DEMONSTRATION ONLY. NOT A REAL PROCUREMENT RECORD OR DECISION. NO UAE GOVERNMENT COMMISSIONING OR ENDORSEMENT.
OFR-00480,REQ-0096,SUP-011,299.00,20,24,24,true,true,FICTIONAL AND SYNTHETIC — FOR RESEARCH AND DEMONSTRATION ONLY. NOT A REAL PROCUREMENT RECORD OR DECISION. NO UAE GOVERNMENT COMMISSIONING OR ENDORSEMENT.
OFR-00481,REQ-0097,SUP-027,1462.50,17,5,6,true,true,FICTIONAL AND SYNTHETIC — FOR RESEARCH AND DEMONSTRATION ONLY. NOT A REAL PROCUREMENT RECORD OR DECISION. NO UAE GOVERNMENT COMMISSIONING OR ENDORSEMENT.
OFR-00482,REQ-0097,SUP-035,1200.00,18,21,3,true,true,FICTIONAL AND SYNTHETIC — FOR RESEARCH AND DEMONSTRATION ONLY. NOT A REAL PROCUREMENT RECORD OR DECISION. NO UAE GOVERNMENT COMMISSIONING OR ENDORSEMENT.
OFR-00483,REQ-0097,SUP-042,1437.50,18,12,18,true,true,FICTIONAL AND SYNTHETIC — FOR RESEARCH AND DEMONSTRATION ONLY. NOT A REAL PROCUREMENT RECORD OR DECISION. NO UAE GOVERNMENT COMMISSIONING OR ENDORSEMENT.
OFR-00484,REQ-0097,SUP-062,1200.00,8,30,18,true,true,FICTIONAL AND SYNTHETIC — FOR RESEARCH AND DEMONSTRATION ONLY. NOT A REAL PROCUREMENT RECORD OR DECISION. NO UAE GOVERNMENT COMMISSIONING OR ENDORSEMENT.
OFR-00485,REQ-0097,SUP-036,1187.50,14,40,18,true,true,FICTIONAL AND SYNTHETIC — FOR RESEARCH AND DEMONSTRATION ONLY. NOT A REAL PROCUREMENT RECORD OR DECISION. NO UAE GOVERNMENT COMMISSIONING OR ENDORSEMENT.
OFR-00486,REQ-0098,SUP-092,1539.00,20,33,12,true,true,FICTIONAL AND SYNTHETIC — FOR RESEARCH AND DEMONSTRATION ONLY. NOT A REAL PROCUREMENT RECORD OR DECISION. NO UAE GOVERNMENT COMMISSIONING OR ENDORSEMENT.
OFR-00487,REQ-0098,SUP-003,1938.00,17,30,6,true,true,FICTIONAL AND SYNTHETIC — FOR RESEARCH AND DEMONSTRATION ONLY. NOT A REAL PROCUREMENT RECORD OR DECISION. NO UAE GOVERNMENT COMMISSIONING OR ENDORSEMENT.
OFR-00488,REQ-0098,SUP-088,2261.00,22,36,24,true,true,FICTIONAL AND SYNTHETIC — FOR RESEARCH AND DEMONSTRATION ONLY. NOT A REAL PROCUREMENT RECORD OR DECISION. NO UAE GOVERNMENT COMMISSIONING OR ENDORSEMENT.
OFR-00489,REQ-0098,SUP-061,1957.00,12,53,18,true,true,FICTIONAL AND SYNTHETIC — FOR RESEARCH AND DEMONSTRATION ONLY. NOT A REAL PROCUREMENT RECORD OR DECISION. NO UAE GOVERNMENT COMMISSIONING OR ENDORSEMENT.
OFR-00490,REQ-0098,SUP-078,1520.00,17,27,6,true,true,FICTIONAL AND SYNTHETIC — FOR RESEARCH AND DEMONSTRATION ONLY. NOT A REAL PROCUREMENT RECORD OR DECISION. NO UAE GOVERNMENT COMMISSIONING OR ENDORSEMENT.
OFR-00491,REQ-0099,SUP-019,14.14,1210,22,24,true,true,FICTIONAL AND SYNTHETIC — FOR RESEARCH AND DEMONSTRATION ONLY. NOT A REAL PROCUREMENT RECORD OR DECISION. NO UAE GOVERNMENT COMMISSIONING OR ENDORSEMENT.
OFR-00492,REQ-0099,SUP-088,11.76,1630,7,18,true,true,FICTIONAL AND SYNTHETIC — FOR RESEARCH AND DEMONSTRATION ONLY. NOT A REAL PROCUREMENT RECORD OR DECISION. NO UAE GOVERNMENT COMMISSIONING OR ENDORSEMENT.
OFR-00493,REQ-0099,SUP-064,15.54,1425,15,6,true,true,FICTIONAL AND SYNTHETIC — FOR RESEARCH AND DEMONSTRATION ONLY. NOT A REAL PROCUREMENT RECORD OR DECISION. NO UAE GOVERNMENT COMMISSIONING OR ENDORSEMENT.
OFR-00494,REQ-0099,SUP-054,12.60,1193,1,18,true,true,FICTIONAL AND SYNTHETIC — FOR RESEARCH AND DEMONSTRATION ONLY. NOT A REAL PROCUREMENT RECORD OR DECISION. NO UAE GOVERNMENT COMMISSIONING OR ENDORSEMENT.
OFR-00495,REQ-0099,SUP-024,12.74,1365,31,6,true,true,FICTIONAL AND SYNTHETIC — FOR RESEARCH AND DEMONSTRATION ONLY. NOT A REAL PROCUREMENT RECORD OR DECISION. NO UAE GOVERNMENT COMMISSIONING OR ENDORSEMENT.
OFR-00496,REQ-0100,SUP-004,70.85,189,21,24,true,true,FICTIONAL AND SYNTHETIC — FOR RESEARCH AND DEMONSTRATION ONLY. NOT A REAL PROCUREMENT RECORD OR DECISION. NO UAE GOVERNMENT COMMISSIONING OR ENDORSEMENT.
OFR-00497,REQ-0100,SUP-065,56.55,247,23,12,true,true,FICTIONAL AND SYNTHETIC — FOR RESEARCH AND DEMONSTRATION ONLY. NOT A REAL PROCUREMENT RECORD OR DECISION. NO UAE GOVERNMENT COMMISSIONING OR ENDORSEMENT.
OFR-00498,REQ-0100,SUP-021,54.60,237,25,6,true,true,FICTIONAL AND SYNTHETIC — FOR RESEARCH AND DEMONSTRATION ONLY. NOT A REAL PROCUREMENT RECORD OR DECISION. NO UAE GOVERNMENT COMMISSIONING OR ENDORSEMENT.
OFR-00499,REQ-0100,SUP-049,78.00,107,76,18,true,true,FICTIONAL AND SYNTHETIC — FOR RESEARCH AND DEMONSTRATION ONLY. NOT A REAL PROCUREMENT RECORD OR DECISION. NO UAE GOVERNMENT COMMISSIONING OR ENDORSEMENT.
OFR-00500,REQ-0100,SUP-088,57.20,92,24,12,true,true,FICTIONAL AND SYNTHETIC — FOR RESEARCH AND DEMONSTRATION ONLY. NOT A REAL PROCUREMENT RECORD OR DECISION. NO UAE GOVERNMENT COMMISSIONING OR ENDORSEMENT.
OFR-00501,REQ-0101,SUP-026,223.60,20,53,3,true,true,FICTIONAL AND SYNTHETIC — FOR RESEARCH AND DEMONSTRATION ONLY. NOT A REAL PROCUREMENT RECORD OR DECISION. NO UAE GOVERNMENT COMMISSIONING OR ENDORSEMENT.
OFR-00502,REQ-0101,SUP-075,309.40,21,14,12,true,true,FICTIONAL AND SYNTHETIC — FOR RESEARCH AND DEMONSTRATION ONLY. NOT A REAL PROCUREMENT RECORD OR DECISION. NO UAE GOVERNMENT COMMISSIONING OR ENDORSEMENT.
OFR-00503,REQ-0101,SUP-096,301.60,24,11,18,true,true,FICTIONAL AND SYNTHETIC — FOR RESEARCH AND DEMONSTRATION ONLY. NOT A REAL PROCUREMENT RECORD OR DECISION. NO UAE GOVERNMENT COMMISSIONING OR ENDORSEMENT.
OFR-00504,REQ-0101,SUP-084,262.60,12,22,6,true,true,FICTIONAL AND SYNTHETIC — FOR RESEARCH AND DEMONSTRATION ONLY. NOT A REAL PROCUREMENT RECORD OR DECISION. NO UAE GOVERNMENT COMMISSIONING OR ENDORSEMENT.
OFR-00505,REQ-0101,SUP-071,306.80,12,33,3,false,true,FICTIONAL AND SYNTHETIC — FOR RESEARCH AND DEMONSTRATION ONLY. NOT A REAL PROCUREMENT RECORD OR DECISION. NO UAE GOVERNMENT COMMISSIONING OR ENDORSEMENT.
OFR-00506,REQ-0102,SUP-022,1362.50,13,35,24,true,true,FICTIONAL AND SYNTHETIC — FOR RESEARCH AND DEMONSTRATION ONLY. NOT A REAL PROCUREMENT RECORD OR DECISION. NO UAE GOVERNMENT COMMISSIONING OR ENDORSEMENT.
OFR-00507,REQ-0102,SUP-034,1375.00,11,22,6,true,true,FICTIONAL AND SYNTHETIC — FOR RESEARCH AND DEMONSTRATION ONLY. NOT A REAL PROCUREMENT RECORD OR DECISION. NO UAE GOVERNMENT COMMISSIONING OR ENDORSEMENT.
OFR-00508,REQ-0102,SUP-051,1287.50,12,10,6,true,true,FICTIONAL AND SYNTHETIC — FOR RESEARCH AND DEMONSTRATION ONLY. NOT A REAL PROCUREMENT RECORD OR DECISION. NO UAE GOVERNMENT COMMISSIONING OR ENDORSEMENT.
OFR-00509,REQ-0102,SUP-057,1175.00,13,28,6,true,true,FICTIONAL AND SYNTHETIC — FOR RESEARCH AND DEMONSTRATION ONLY. NOT A REAL PROCUREMENT RECORD OR DECISION. NO UAE GOVERNMENT COMMISSIONING OR ENDORSEMENT.
OFR-00510,REQ-0102,SUP-032,1287.50,15,22,3,true,true,FICTIONAL AND SYNTHETIC — FOR RESEARCH AND DEMONSTRATION ONLY. NOT A REAL PROCUREMENT RECORD OR DECISION. NO UAE GOVERNMENT COMMISSIONING OR ENDORSEMENT.
OFR-00511,REQ-0103,SUP-023,1577.00,13,21,6,true,true,FICTIONAL AND SYNTHETIC — FOR RESEARCH AND DEMONSTRATION ONLY. NOT A REAL PROCUREMENT RECORD OR DECISION. NO UAE GOVERNMENT COMMISSIONING OR ENDORSEMENT.
OFR-00512,REQ-0103,SUP-061,1805.00,12,7,12,true,true,FICTIONAL AND SYNTHETIC — FOR RESEARCH AND DEMONSTRATION ONLY. NOT A REAL PROCUREMENT RECORD OR DECISION. NO UAE GOVERNMENT COMMISSIONING OR ENDORSEMENT.
OFR-00513,REQ-0103,SUP-011,1577.00,15,10,24,true,true,FICTIONAL AND SYNTHETIC — FOR RESEARCH AND DEMONSTRATION ONLY. NOT A REAL PROCUREMENT RECORD OR DECISION. NO UAE GOVERNMENT COMMISSIONING OR ENDORSEMENT.
OFR-00514,REQ-0103,SUP-019,2033.00,10,24,6,true,true,FICTIONAL AND SYNTHETIC — FOR RESEARCH AND DEMONSTRATION ONLY. NOT A REAL PROCUREMENT RECORD OR DECISION. NO UAE GOVERNMENT COMMISSIONING OR ENDORSEMENT.
OFR-00515,REQ-0103,SUP-031,2280.00,11,42,24,false,true,FICTIONAL AND SYNTHETIC — FOR RESEARCH AND DEMONSTRATION ONLY. NOT A REAL PROCUREMENT RECORD OR DECISION. NO UAE GOVERNMENT COMMISSIONING OR ENDORSEMENT.
OFR-00516,REQ-0104,SUP-071,14.42,1093,5,3,true,true,FICTIONAL AND SYNTHETIC — FOR RESEARCH AND DEMONSTRATION ONLY. NOT A REAL PROCUREMENT RECORD OR DECISION. NO UAE GOVERNMENT COMMISSIONING OR ENDORSEMENT.
OFR-00517,REQ-0104,SUP-069,15.12,1058,4,24,true,true,FICTIONAL AND SYNTHETIC — FOR RESEARCH AND DEMONSTRATION ONLY. NOT A REAL PROCUREMENT RECORD OR DECISION. NO UAE GOVERNMENT COMMISSIONING OR ENDORSEMENT.
OFR-00518,REQ-0104,SUP-089,14.56,1156,5,3,true,true,FICTIONAL AND SYNTHETIC — FOR RESEARCH AND DEMONSTRATION ONLY. NOT A REAL PROCUREMENT RECORD OR DECISION. NO UAE GOVERNMENT COMMISSIONING OR ENDORSEMENT.
OFR-00519,REQ-0104,SUP-012,12.60,776,29,18,false,true,FICTIONAL AND SYNTHETIC — FOR RESEARCH AND DEMONSTRATION ONLY. NOT A REAL PROCUREMENT RECORD OR DECISION. NO UAE GOVERNMENT COMMISSIONING OR ENDORSEMENT.
OFR-00520,REQ-0104,SUP-013,11.48,1186,1,6,true,true,FICTIONAL AND SYNTHETIC — FOR RESEARCH AND DEMONSTRATION ONLY. NOT A REAL PROCUREMENT RECORD OR DECISION. NO UAE GOVERNMENT COMMISSIONING OR ENDORSEMENT.
OFR-00521,REQ-0105,SUP-076,57.20,505,43,18,true,true,FICTIONAL AND SYNTHETIC — FOR RESEARCH AND DEMONSTRATION ONLY. NOT A REAL PROCUREMENT RECORD OR DECISION. NO UAE GOVERNMENT COMMISSIONING OR ENDORSEMENT.
OFR-00522,REQ-0105,SUP-037,73.45,441,8,24,true,true,FICTIONAL AND SYNTHETIC — FOR RESEARCH AND DEMONSTRATION ONLY. NOT A REAL PROCUREMENT RECORD OR DECISION. NO UAE GOVERNMENT COMMISSIONING OR ENDORSEMENT.
OFR-00523,REQ-0105,SUP-026,65.65,369,28,6,true,true,FICTIONAL AND SYNTHETIC — FOR RESEARCH AND DEMONSTRATION ONLY. NOT A REAL PROCUREMENT RECORD OR DECISION. NO UAE GOVERNMENT COMMISSIONING OR ENDORSEMENT.
OFR-00524,REQ-0105,SUP-050,56.55,174,62,18,false,true,FICTIONAL AND SYNTHETIC — FOR RESEARCH AND DEMONSTRATION ONLY. NOT A REAL PROCUREMENT RECORD OR DECISION. NO UAE GOVERNMENT COMMISSIONING OR ENDORSEMENT.
OFR-00525,REQ-0105,SUP-030,63.70,343,33,24,false,true,FICTIONAL AND SYNTHETIC — FOR RESEARCH AND DEMONSTRATION ONLY. NOT A REAL PROCUREMENT RECORD OR DECISION. NO UAE GOVERNMENT COMMISSIONING OR ENDORSEMENT.
OFR-00526,REQ-0106,SUP-044,280.80,12,24,6,true,true,FICTIONAL AND SYNTHETIC — FOR RESEARCH AND DEMONSTRATION ONLY. NOT A REAL PROCUREMENT RECORD OR DECISION. NO UAE GOVERNMENT COMMISSIONING OR ENDORSEMENT.
OFR-00527,REQ-0106,SUP-100,257.40,14,1,3,true,true,FICTIONAL AND SYNTHETIC — FOR RESEARCH AND DEMONSTRATION ONLY. NOT A REAL PROCUREMENT RECORD OR DECISION. NO UAE GOVERNMENT COMMISSIONING OR ENDORSEMENT.
OFR-00528,REQ-0106,SUP-036,301.60,13,23,6,true,true,FICTIONAL AND SYNTHETIC — FOR RESEARCH AND DEMONSTRATION ONLY. NOT A REAL PROCUREMENT RECORD OR DECISION. NO UAE GOVERNMENT COMMISSIONING OR ENDORSEMENT.
OFR-00529,REQ-0106,SUP-076,210.60,6,36,3,true,true,FICTIONAL AND SYNTHETIC — FOR RESEARCH AND DEMONSTRATION ONLY. NOT A REAL PROCUREMENT RECORD OR DECISION. NO UAE GOVERNMENT COMMISSIONING OR ENDORSEMENT.
OFR-00530,REQ-0106,SUP-016,226.20,13,35,12,false,true,FICTIONAL AND SYNTHETIC — FOR RESEARCH AND DEMONSTRATION ONLY. NOT A REAL PROCUREMENT RECORD OR DECISION. NO UAE GOVERNMENT COMMISSIONING OR ENDORSEMENT.
OFR-00531,REQ-0107,SUP-037,1000.00,28,31,12,true,true,FICTIONAL AND SYNTHETIC — FOR RESEARCH AND DEMONSTRATION ONLY. NOT A REAL PROCUREMENT RECORD OR DECISION. NO UAE GOVERNMENT COMMISSIONING OR ENDORSEMENT.
OFR-00532,REQ-0107,SUP-017,1075.00,35,34,3,true,true,FICTIONAL AND SYNTHETIC — FOR RESEARCH AND DEMONSTRATION ONLY. NOT A REAL PROCUREMENT RECORD OR DECISION. NO UAE GOVERNMENT COMMISSIONING OR ENDORSEMENT.
OFR-00533,REQ-0107,SUP-036,1375.00,29,37,18,true,true,FICTIONAL AND SYNTHETIC — FOR RESEARCH AND DEMONSTRATION ONLY. NOT A REAL PROCUREMENT RECORD OR DECISION. NO UAE GOVERNMENT COMMISSIONING OR ENDORSEMENT.
OFR-00534,REQ-0107,SUP-038,1112.50,13,34,3,false,true,FICTIONAL AND SYNTHETIC — FOR RESEARCH AND DEMONSTRATION ONLY. NOT A REAL PROCUREMENT RECORD OR DECISION. NO UAE GOVERNMENT COMMISSIONING OR ENDORSEMENT.
OFR-00535,REQ-0107,SUP-015,1437.50,20,5,12,true,true,FICTIONAL AND SYNTHETIC — FOR RESEARCH AND DEMONSTRATION ONLY. NOT A REAL PROCUREMENT RECORD OR DECISION. NO UAE GOVERNMENT COMMISSIONING OR ENDORSEMENT.
OFR-00536,REQ-0108,SUP-098,2166.00,4,14,3,true,true,FICTIONAL AND SYNTHETIC — FOR RESEARCH AND DEMONSTRATION ONLY. NOT A REAL PROCUREMENT RECORD OR DECISION. NO UAE GOVERNMENT COMMISSIONING OR ENDORSEMENT.
OFR-00537,REQ-0108,SUP-080,2090.00,3,6,6,true,true,FICTIONAL AND SYNTHETIC — FOR RESEARCH AND DEMONSTRATION ONLY. NOT A REAL PROCUREMENT RECORD OR DECISION. NO UAE GOVERNMENT COMMISSIONING OR ENDORSEMENT.
OFR-00538,REQ-0108,SUP-042,1767.00,4,3,6,true,true,FICTIONAL AND SYNTHETIC — FOR RESEARCH AND DEMONSTRATION ONLY. NOT A REAL PROCUREMENT RECORD OR DECISION. NO UAE GOVERNMENT COMMISSIONING OR ENDORSEMENT.
OFR-00539,REQ-0108,SUP-027,1748.00,3,28,24,true,true,FICTIONAL AND SYNTHETIC — FOR RESEARCH AND DEMONSTRATION ONLY. NOT A REAL PROCUREMENT RECORD OR DECISION. NO UAE GOVERNMENT COMMISSIONING OR ENDORSEMENT.
OFR-00540,REQ-0108,SUP-072,1710.00,4,19,12,false,true,FICTIONAL AND SYNTHETIC — FOR RESEARCH AND DEMONSTRATION ONLY. NOT A REAL PROCUREMENT RECORD OR DECISION. NO UAE GOVERNMENT COMMISSIONING OR ENDORSEMENT.
OFR-00541,REQ-0109,SUP-099,16.52,1158,15,24,true,true,FICTIONAL AND SYNTHETIC — FOR RESEARCH AND DEMONSTRATION ONLY. NOT A REAL PROCUREMENT RECORD OR DECISION. NO UAE GOVERNMENT COMMISSIONING OR ENDORSEMENT.
OFR-00542,REQ-0109,SUP-086,15.54,1364,52,18,true,true,FICTIONAL AND SYNTHETIC — FOR RESEARCH AND DEMONSTRATION ONLY. NOT A REAL PROCUREMENT RECORD OR DECISION. NO UAE GOVERNMENT COMMISSIONING OR ENDORSEMENT.
OFR-00543,REQ-0109,SUP-049,16.24,1396,1,18,true,true,FICTIONAL AND SYNTHETIC — FOR RESEARCH AND DEMONSTRATION ONLY. NOT A REAL PROCUREMENT RECORD OR DECISION. NO UAE GOVERNMENT COMMISSIONING OR ENDORSEMENT.
OFR-00544,REQ-0109,SUP-009,13.44,1330,74,3,false,true,FICTIONAL AND SYNTHETIC — FOR RESEARCH AND DEMONSTRATION ONLY. NOT A REAL PROCUREMENT RECORD OR DECISION. NO UAE GOVERNMENT COMMISSIONING OR ENDORSEMENT.
OFR-00545,REQ-0109,SUP-014,15.96,1445,62,3,true,true,FICTIONAL AND SYNTHETIC — FOR RESEARCH AND DEMONSTRATION ONLY. NOT A REAL PROCUREMENT RECORD OR DECISION. NO UAE GOVERNMENT COMMISSIONING OR ENDORSEMENT.
OFR-00546,REQ-0110,SUP-035,64.35,318,3,24,true,true,FICTIONAL AND SYNTHETIC — FOR RESEARCH AND DEMONSTRATION ONLY. NOT A REAL PROCUREMENT RECORD OR DECISION. NO UAE GOVERNMENT COMMISSIONING OR ENDORSEMENT.
OFR-00547,REQ-0110,SUP-015,65.00,306,19,3,true,true,FICTIONAL AND SYNTHETIC — FOR RESEARCH AND DEMONSTRATION ONLY. NOT A REAL PROCUREMENT RECORD OR DECISION. NO UAE GOVERNMENT COMMISSIONING OR ENDORSEMENT.
OFR-00548,REQ-0110,SUP-006,52.65,305,5,6,true,true,FICTIONAL AND SYNTHETIC — FOR RESEARCH AND DEMONSTRATION ONLY. NOT A REAL PROCUREMENT RECORD OR DECISION. NO UAE GOVERNMENT COMMISSIONING OR ENDORSEMENT.
OFR-00549,REQ-0110,SUP-033,59.80,292,39,6,true,true,FICTIONAL AND SYNTHETIC — FOR RESEARCH AND DEMONSTRATION ONLY. NOT A REAL PROCUREMENT RECORD OR DECISION. NO UAE GOVERNMENT COMMISSIONING OR ENDORSEMENT.
OFR-00550,REQ-0110,SUP-004,68.90,249,15,12,false,true,FICTIONAL AND SYNTHETIC — FOR RESEARCH AND DEMONSTRATION ONLY. NOT A REAL PROCUREMENT RECORD OR DECISION. NO UAE GOVERNMENT COMMISSIONING OR ENDORSEMENT.
OFR-00551,REQ-0111,SUP-051,213.20,49,15,18,true,true,FICTIONAL AND SYNTHETIC — FOR RESEARCH AND DEMONSTRATION ONLY. NOT A REAL PROCUREMENT RECORD OR DECISION. NO UAE GOVERNMENT COMMISSIONING OR ENDORSEMENT.
OFR-00552,REQ-0111,SUP-026,296.40,47,13,6,true,true,FICTIONAL AND SYNTHETIC — FOR RESEARCH AND DEMONSTRATION ONLY. NOT A REAL PROCUREMENT RECORD OR DECISION. NO UAE GOVERNMENT COMMISSIONING OR ENDORSEMENT.
OFR-00553,REQ-0111,SUP-086,312.00,54,44,24,true,true,FICTIONAL AND SYNTHETIC — FOR RESEARCH AND DEMONSTRATION ONLY. NOT A REAL PROCUREMENT RECORD OR DECISION. NO UAE GOVERNMENT COMMISSIONING OR ENDORSEMENT.
OFR-00554,REQ-0111,SUP-083,304.20,27,25,24,false,true,FICTIONAL AND SYNTHETIC — FOR RESEARCH AND DEMONSTRATION ONLY. NOT A REAL PROCUREMENT RECORD OR DECISION. NO UAE GOVERNMENT COMMISSIONING OR ENDORSEMENT.
OFR-00555,REQ-0111,SUP-001,291.20,36,70,6,true,true,FICTIONAL AND SYNTHETIC — FOR RESEARCH AND DEMONSTRATION ONLY. NOT A REAL PROCUREMENT RECORD OR DECISION. NO UAE GOVERNMENT COMMISSIONING OR ENDORSEMENT.
OFR-00556,REQ-0112,SUP-073,1387.50,33,7,6,true,true,FICTIONAL AND SYNTHETIC — FOR RESEARCH AND DEMONSTRATION ONLY. NOT A REAL PROCUREMENT RECORD OR DECISION. NO UAE GOVERNMENT COMMISSIONING OR ENDORSEMENT.
OFR-00557,REQ-0112,SUP-075,1137.50,32,5,3,true,true,FICTIONAL AND SYNTHETIC — FOR RESEARCH AND DEMONSTRATION ONLY. NOT A REAL PROCUREMENT RECORD OR DECISION. NO UAE GOVERNMENT COMMISSIONING OR ENDORSEMENT.
OFR-00558,REQ-0112,SUP-037,1450.00,32,4,3,true,true,FICTIONAL AND SYNTHETIC — FOR RESEARCH AND DEMONSTRATION ONLY. NOT A REAL PROCUREMENT RECORD OR DECISION. NO UAE GOVERNMENT COMMISSIONING OR ENDORSEMENT.
OFR-00559,REQ-0112,SUP-001,1187.50,20,12,18,true,true,FICTIONAL AND SYNTHETIC — FOR RESEARCH AND DEMONSTRATION ONLY. NOT A REAL PROCUREMENT RECORD OR DECISION. NO UAE GOVERNMENT COMMISSIONING OR ENDORSEMENT.
OFR-00560,REQ-0112,SUP-007,1262.50,15,23,24,true,true,FICTIONAL AND SYNTHETIC — FOR RESEARCH AND DEMONSTRATION ONLY. NOT A REAL PROCUREMENT RECORD OR DECISION. NO UAE GOVERNMENT COMMISSIONING OR ENDORSEMENT.
OFR-00561,REQ-0113,SUP-059,1634.00,13,42,3,true,true,FICTIONAL AND SYNTHETIC — FOR RESEARCH AND DEMONSTRATION ONLY. NOT A REAL PROCUREMENT RECORD OR DECISION. NO UAE GOVERNMENT COMMISSIONING OR ENDORSEMENT.
OFR-00562,REQ-0113,SUP-019,1558.00,14,13,6,true,true,FICTIONAL AND SYNTHETIC — FOR RESEARCH AND DEMONSTRATION ONLY. NOT A REAL PROCUREMENT RECORD OR DECISION. NO UAE GOVERNMENT COMMISSIONING OR ENDORSEMENT.
OFR-00563,REQ-0113,SUP-038,2128.00,10,22,6,true,true,FICTIONAL AND SYNTHETIC — FOR RESEARCH AND DEMONSTRATION ONLY. NOT A REAL PROCUREMENT RECORD OR DECISION. NO UAE GOVERNMENT COMMISSIONING OR ENDORSEMENT.
OFR-00564,REQ-0113,SUP-089,2242.00,9,6,3,true,true,FICTIONAL AND SYNTHETIC — FOR RESEARCH AND DEMONSTRATION ONLY. NOT A REAL PROCUREMENT RECORD OR DECISION. NO UAE GOVERNMENT COMMISSIONING OR ENDORSEMENT.
OFR-00565,REQ-0113,SUP-052,2147.00,9,18,3,true,true,FICTIONAL AND SYNTHETIC — FOR RESEARCH AND DEMONSTRATION ONLY. NOT A REAL PROCUREMENT RECORD OR DECISION. NO UAE GOVERNMENT COMMISSIONING OR ENDORSEMENT.
OFR-00566,REQ-0114,SUP-012,11.48,1243,5,24,true,true,FICTIONAL AND SYNTHETIC — FOR RESEARCH AND DEMONSTRATION ONLY. NOT A REAL PROCUREMENT RECORD OR DECISION. NO UAE GOVERNMENT COMMISSIONING OR ENDORSEMENT.
OFR-00567,REQ-0114,SUP-100,13.02,1400,3,12,true,true,FICTIONAL AND SYNTHETIC — FOR RESEARCH AND DEMONSTRATION ONLY. NOT A REAL PROCUREMENT RECORD OR DECISION. NO UAE GOVERNMENT COMMISSIONING OR ENDORSEMENT.
OFR-00568,REQ-0114,SUP-008,13.86,1168,15,3,true,true,FICTIONAL AND SYNTHETIC — FOR RESEARCH AND DEMONSTRATION ONLY. NOT A REAL PROCUREMENT RECORD OR DECISION. NO UAE GOVERNMENT COMMISSIONING OR ENDORSEMENT.
OFR-00569,REQ-0114,SUP-086,13.86,1141,37,3,true,true,FICTIONAL AND SYNTHETIC — FOR RESEARCH AND DEMONSTRATION ONLY. NOT A REAL PROCUREMENT RECORD OR DECISION. NO UAE GOVERNMENT COMMISSIONING OR ENDORSEMENT.
OFR-00570,REQ-0114,SUP-079,11.34,672,4,3,true,true,FICTIONAL AND SYNTHETIC — FOR RESEARCH AND DEMONSTRATION ONLY. NOT A REAL PROCUREMENT RECORD OR DECISION. NO UAE GOVERNMENT COMMISSIONING OR ENDORSEMENT.
OFR-00571,REQ-0115,SUP-055,57.20,136,49,12,true,true,FICTIONAL AND SYNTHETIC — FOR RESEARCH AND DEMONSTRATION ONLY. NOT A REAL PROCUREMENT RECORD OR DECISION. NO UAE GOVERNMENT COMMISSIONING OR ENDORSEMENT.
OFR-00572,REQ-0115,SUP-050,73.45,172,40,18,true,true,FICTIONAL AND SYNTHETIC — FOR RESEARCH AND DEMONSTRATION ONLY. NOT A REAL PROCUREMENT RECORD OR DECISION. NO UAE GOVERNMENT COMMISSIONING OR ENDORSEMENT.
OFR-00573,REQ-0115,SUP-005,78.00,137,3,6,true,true,FICTIONAL AND SYNTHETIC — FOR RESEARCH AND DEMONSTRATION ONLY. NOT A REAL PROCUREMENT RECORD OR DECISION. NO UAE GOVERNMENT COMMISSIONING OR ENDORSEMENT.
OFR-00574,REQ-0115,SUP-004,59.80,149,30,18,true,true,FICTIONAL AND SYNTHETIC — FOR RESEARCH AND DEMONSTRATION ONLY. NOT A REAL PROCUREMENT RECORD OR DECISION. NO UAE GOVERNMENT COMMISSIONING OR ENDORSEMENT.
OFR-00575,REQ-0115,SUP-039,68.25,105,65,12,true,true,FICTIONAL AND SYNTHETIC — FOR RESEARCH AND DEMONSTRATION ONLY. NOT A REAL PROCUREMENT RECORD OR DECISION. NO UAE GOVERNMENT COMMISSIONING OR ENDORSEMENT.
OFR-00576,REQ-0116,SUP-054,306.80,43,29,24,true,true,FICTIONAL AND SYNTHETIC — FOR RESEARCH AND DEMONSTRATION ONLY. NOT A REAL PROCUREMENT RECORD OR DECISION. NO UAE GOVERNMENT COMMISSIONING OR ENDORSEMENT.
OFR-00577,REQ-0116,SUP-049,309.40,40,41,12,true,true,FICTIONAL AND SYNTHETIC — FOR RESEARCH AND DEMONSTRATION ONLY. NOT A REAL PROCUREMENT RECORD OR DECISION. NO UAE GOVERNMENT COMMISSIONING OR ENDORSEMENT.
OFR-00578,REQ-0116,SUP-100,228.80,38,40,12,true,true,FICTIONAL AND SYNTHETIC — FOR RESEARCH AND DEMONSTRATION ONLY. NOT A REAL PROCUREMENT RECORD OR DECISION. NO UAE GOVERNMENT COMMISSIONING OR ENDORSEMENT.
OFR-00579,REQ-0116,SUP-066,304.20,30,41,3,true,true,FICTIONAL AND SYNTHETIC — FOR RESEARCH AND DEMONSTRATION ONLY. NOT A REAL PROCUREMENT RECORD OR DECISION. NO UAE GOVERNMENT COMMISSIONING OR ENDORSEMENT.
OFR-00580,REQ-0116,SUP-076,270.40,18,1,3,true,true,FICTIONAL AND SYNTHETIC — FOR RESEARCH AND DEMONSTRATION ONLY. NOT A REAL PROCUREMENT RECORD OR DECISION. NO UAE GOVERNMENT COMMISSIONING OR ENDORSEMENT.
OFR-00581,REQ-0117,SUP-073,1100.00,40,5,24,true,true,FICTIONAL AND SYNTHETIC — FOR RESEARCH AND DEMONSTRATION ONLY. NOT A REAL PROCUREMENT RECORD OR DECISION. NO UAE GOVERNMENT COMMISSIONING OR ENDORSEMENT.
OFR-00582,REQ-0117,SUP-033,1350.00,30,22,3,true,true,FICTIONAL AND SYNTHETIC — FOR RESEARCH AND DEMONSTRATION ONLY. NOT A REAL PROCUREMENT RECORD OR DECISION. NO UAE GOVERNMENT COMMISSIONING OR ENDORSEMENT.
OFR-00583,REQ-0117,SUP-012,1300.00,32,34,6,true,true,FICTIONAL AND SYNTHETIC — FOR RESEARCH AND DEMONSTRATION ONLY. NOT A REAL PROCUREMENT RECORD OR DECISION. NO UAE GOVERNMENT COMMISSIONING OR ENDORSEMENT.
OFR-00584,REQ-0117,SUP-037,1262.50,18,71,3,true,true,FICTIONAL AND SYNTHETIC — FOR RESEARCH AND DEMONSTRATION ONLY. NOT A REAL PROCUREMENT RECORD OR DECISION. NO UAE GOVERNMENT COMMISSIONING OR ENDORSEMENT.
OFR-00585,REQ-0117,SUP-015,1212.50,16,8,24,true,true,FICTIONAL AND SYNTHETIC — FOR RESEARCH AND DEMONSTRATION ONLY. NOT A REAL PROCUREMENT RECORD OR DECISION. NO UAE GOVERNMENT COMMISSIONING OR ENDORSEMENT.
OFR-00586,REQ-0118,SUP-031,1539.00,3,23,6,true,true,FICTIONAL AND SYNTHETIC — FOR RESEARCH AND DEMONSTRATION ONLY. NOT A REAL PROCUREMENT RECORD OR DECISION. NO UAE GOVERNMENT COMMISSIONING OR ENDORSEMENT.
OFR-00587,REQ-0118,SUP-018,1881.00,4,22,3,true,true,FICTIONAL AND SYNTHETIC — FOR RESEARCH AND DEMONSTRATION ONLY. NOT A REAL PROCUREMENT RECORD OR DECISION. NO UAE GOVERNMENT COMMISSIONING OR ENDORSEMENT.
OFR-00588,REQ-0118,SUP-042,1653.00,3,27,18,true,true,FICTIONAL AND SYNTHETIC — FOR RESEARCH AND DEMONSTRATION ONLY. NOT A REAL PROCUREMENT RECORD OR DECISION. NO UAE GOVERNMENT COMMISSIONING OR ENDORSEMENT.
OFR-00589,REQ-0118,SUP-033,2261.00,3,31,3,false,true,FICTIONAL AND SYNTHETIC — FOR RESEARCH AND DEMONSTRATION ONLY. NOT A REAL PROCUREMENT RECORD OR DECISION. NO UAE GOVERNMENT COMMISSIONING OR ENDORSEMENT.
OFR-00590,REQ-0118,SUP-079,1539.00,2,40,6,true,true,FICTIONAL AND SYNTHETIC — FOR RESEARCH AND DEMONSTRATION ONLY. NOT A REAL PROCUREMENT RECORD OR DECISION. NO UAE GOVERNMENT COMMISSIONING OR ENDORSEMENT.
OFR-00591,REQ-0119,SUP-047,12.60,1990,4,3,true,true,FICTIONAL AND SYNTHETIC — FOR RESEARCH AND DEMONSTRATION ONLY. NOT A REAL PROCUREMENT RECORD OR DECISION. NO UAE GOVERNMENT COMMISSIONING OR ENDORSEMENT.
OFR-00592,REQ-0119,SUP-060,15.40,1714,11,12,true,true,FICTIONAL AND SYNTHETIC — FOR RESEARCH AND DEMONSTRATION ONLY. NOT A REAL PROCUREMENT RECORD OR DECISION. NO UAE GOVERNMENT COMMISSIONING OR ENDORSEMENT.
OFR-00593,REQ-0119,SUP-094,14.42,2192,14,18,true,true,FICTIONAL AND SYNTHETIC — FOR RESEARCH AND DEMONSTRATION ONLY. NOT A REAL PROCUREMENT RECORD OR DECISION. NO UAE GOVERNMENT COMMISSIONING OR ENDORSEMENT.
OFR-00594,REQ-0119,SUP-048,14.28,1773,3,24,true,true,FICTIONAL AND SYNTHETIC — FOR RESEARCH AND DEMONSTRATION ONLY. NOT A REAL PROCUREMENT RECORD OR DECISION. NO UAE GOVERNMENT COMMISSIONING OR ENDORSEMENT.
OFR-00595,REQ-0119,SUP-083,15.82,1981,9,24,false,true,FICTIONAL AND SYNTHETIC — FOR RESEARCH AND DEMONSTRATION ONLY. NOT A REAL PROCUREMENT RECORD OR DECISION. NO UAE GOVERNMENT COMMISSIONING OR ENDORSEMENT.
OFR-00596,REQ-0120,SUP-060,70.20,85,19,24,true,true,FICTIONAL AND SYNTHETIC — FOR RESEARCH AND DEMONSTRATION ONLY. NOT A REAL PROCUREMENT RECORD OR DECISION. NO UAE GOVERNMENT COMMISSIONING OR ENDORSEMENT.
OFR-00597,REQ-0120,SUP-033,72.80,63,33,18,true,true,FICTIONAL AND SYNTHETIC — FOR RESEARCH AND DEMONSTRATION ONLY. NOT A REAL PROCUREMENT RECORD OR DECISION. NO UAE GOVERNMENT COMMISSIONING OR ENDORSEMENT.
OFR-00598,REQ-0120,SUP-037,66.30,75,13,3,true,true,FICTIONAL AND SYNTHETIC — FOR RESEARCH AND DEMONSTRATION ONLY. NOT A REAL PROCUREMENT RECORD OR DECISION. NO UAE GOVERNMENT COMMISSIONING OR ENDORSEMENT.
OFR-00599,REQ-0120,SUP-045,60.45,68,3,24,true,true,FICTIONAL AND SYNTHETIC — FOR RESEARCH AND DEMONSTRATION ONLY. NOT A REAL PROCUREMENT RECORD OR DECISION. NO UAE GOVERNMENT COMMISSIONING OR ENDORSEMENT.
OFR-00600,REQ-0120,SUP-095,58.50,57,68,6,true,true,FICTIONAL AND SYNTHETIC — FOR RESEARCH AND DEMONSTRATION ONLY. NOT A REAL PROCUREMENT RECORD OR DECISION. NO UAE GOVERNMENT COMMISSIONING OR ENDORSEMENT.
OFR-00601,REQ-0121,SUP-031,293.80,56,23,6,true,true,FICTIONAL AND SYNTHETIC — FOR RESEARCH AND DEMONSTRATION ONLY. NOT A REAL PROCUREMENT RECORD OR DECISION. NO UAE GOVERNMENT COMMISSIONING OR ENDORSEMENT.
OFR-00602,REQ-0121,SUP-096,221.00,45,1,24,true,true,FICTIONAL AND SYNTHETIC — FOR RESEARCH AND DEMONSTRATION ONLY. NOT A REAL PROCUREMENT RECORD OR DECISION. NO UAE GOVERNMENT COMMISSIONING OR ENDORSEMENT.
OFR-00603,REQ-0121,SUP-026,265.20,59,11,18,true,true,FICTIONAL AND SYNTHETIC — FOR RESEARCH AND DEMONSTRATION ONLY. NOT A REAL PROCUREMENT RECORD OR DECISION. NO UAE GOVERNMENT COMMISSIONING OR ENDORSEMENT.
OFR-00604,REQ-0121,SUP-051,208.00,55,9,24,true,true,FICTIONAL AND SYNTHETIC — FOR RESEARCH AND DEMONSTRATION ONLY. NOT A REAL PROCUREMENT RECORD OR DECISION. NO UAE GOVERNMENT COMMISSIONING OR ENDORSEMENT.
OFR-00605,REQ-0121,SUP-021,208.00,46,32,12,true,true,FICTIONAL AND SYNTHETIC — FOR RESEARCH AND DEMONSTRATION ONLY. NOT A REAL PROCUREMENT RECORD OR DECISION. NO UAE GOVERNMENT COMMISSIONING OR ENDORSEMENT.
OFR-00606,REQ-0122,SUP-034,1387.50,28,5,6,true,true,FICTIONAL AND SYNTHETIC — FOR RESEARCH AND DEMONSTRATION ONLY. NOT A REAL PROCUREMENT RECORD OR DECISION. NO UAE GOVERNMENT COMMISSIONING OR ENDORSEMENT.
OFR-00607,REQ-0122,SUP-067,1475.00,32,10,3,true,true,FICTIONAL AND SYNTHETIC — FOR RESEARCH AND DEMONSTRATION ONLY. NOT A REAL PROCUREMENT RECORD OR DECISION. NO UAE GOVERNMENT COMMISSIONING OR ENDORSEMENT.
OFR-00608,REQ-0122,SUP-027,1150.00,33,11,24,true,true,FICTIONAL AND SYNTHETIC — FOR RESEARCH AND DEMONSTRATION ONLY. NOT A REAL PROCUREMENT RECORD OR DECISION. NO UAE GOVERNMENT COMMISSIONING OR ENDORSEMENT.
OFR-00609,REQ-0122,SUP-077,1025.00,21,19,24,true,true,FICTIONAL AND SYNTHETIC — FOR RESEARCH AND DEMONSTRATION ONLY. NOT A REAL PROCUREMENT RECORD OR DECISION. NO UAE GOVERNMENT COMMISSIONING OR ENDORSEMENT.
OFR-00610,REQ-0122,SUP-036,1462.50,17,14,12,true,true,FICTIONAL AND SYNTHETIC — FOR RESEARCH AND DEMONSTRATION ONLY. NOT A REAL PROCUREMENT RECORD OR DECISION. NO UAE GOVERNMENT COMMISSIONING OR ENDORSEMENT.
OFR-00611,REQ-0123,SUP-089,1577.00,21,12,6,true,true,FICTIONAL AND SYNTHETIC — FOR RESEARCH AND DEMONSTRATION ONLY. NOT A REAL PROCUREMENT RECORD OR DECISION. NO UAE GOVERNMENT COMMISSIONING OR ENDORSEMENT.
OFR-00612,REQ-0123,SUP-082,2109.00,19,7,18,true,true,FICTIONAL AND SYNTHETIC — FOR RESEARCH AND DEMONSTRATION ONLY. NOT A REAL PROCUREMENT RECORD OR DECISION. NO UAE GOVERNMENT COMMISSIONING OR ENDORSEMENT.
OFR-00613,REQ-0123,SUP-025,2147.00,14,13,6,true,true,FICTIONAL AND SYNTHETIC — FOR RESEARCH AND DEMONSTRATION ONLY. NOT A REAL PROCUREMENT RECORD OR DECISION. NO UAE GOVERNMENT COMMISSIONING OR ENDORSEMENT.
OFR-00614,REQ-0123,SUP-018,1539.00,15,7,24,true,true,FICTIONAL AND SYNTHETIC — FOR RESEARCH AND DEMONSTRATION ONLY. NOT A REAL PROCUREMENT RECORD OR DECISION. NO UAE GOVERNMENT COMMISSIONING OR ENDORSEMENT.
OFR-00615,REQ-0123,SUP-068,2242.00,14,28,12,true,true,FICTIONAL AND SYNTHETIC — FOR RESEARCH AND DEMONSTRATION ONLY. NOT A REAL PROCUREMENT RECORD OR DECISION. NO UAE GOVERNMENT COMMISSIONING OR ENDORSEMENT.
OFR-00616,REQ-0124,SUP-089,15.40,1505,5,6,true,true,FICTIONAL AND SYNTHETIC — FOR RESEARCH AND DEMONSTRATION ONLY. NOT A REAL PROCUREMENT RECORD OR DECISION. NO UAE GOVERNMENT COMMISSIONING OR ENDORSEMENT.
OFR-00617,REQ-0124,SUP-024,11.90,2129,6,12,true,true,FICTIONAL AND SYNTHETIC — FOR RESEARCH AND DEMONSTRATION ONLY. NOT A REAL PROCUREMENT RECORD OR DECISION. NO UAE GOVERNMENT COMMISSIONING OR ENDORSEMENT.
OFR-00618,REQ-0124,SUP-060,16.66,2189,10,18,true,true,FICTIONAL AND SYNTHETIC — FOR RESEARCH AND DEMONSTRATION ONLY. NOT A REAL PROCUREMENT RECORD OR DECISION. NO UAE GOVERNMENT COMMISSIONING OR ENDORSEMENT.
OFR-00619,REQ-0124,SUP-034,13.72,1648,48,24,true,true,FICTIONAL AND SYNTHETIC — FOR RESEARCH AND DEMONSTRATION ONLY. NOT A REAL PROCUREMENT RECORD OR DECISION. NO UAE GOVERNMENT COMMISSIONING OR ENDORSEMENT.
OFR-00620,REQ-0124,SUP-048,11.20,794,5,3,true,true,FICTIONAL AND SYNTHETIC — FOR RESEARCH AND DEMONSTRATION ONLY. NOT A REAL PROCUREMENT RECORD OR DECISION. NO UAE GOVERNMENT COMMISSIONING OR ENDORSEMENT.
OFR-00621,REQ-0125,SUP-021,61.10,93,8,24,true,true,FICTIONAL AND SYNTHETIC — FOR RESEARCH AND DEMONSTRATION ONLY. NOT A REAL PROCUREMENT RECORD OR DECISION. NO UAE GOVERNMENT COMMISSIONING OR ENDORSEMENT.
OFR-00622,REQ-0125,SUP-095,68.25,96,7,6,true,true,FICTIONAL AND SYNTHETIC — FOR RESEARCH AND DEMONSTRATION ONLY. NOT A REAL PROCUREMENT RECORD OR DECISION. NO UAE GOVERNMENT COMMISSIONING OR ENDORSEMENT.
OFR-00623,REQ-0125,SUP-055,60.45,97,21,24,true,true,FICTIONAL AND SYNTHETIC — FOR RESEARCH AND DEMONSTRATION ONLY. NOT A REAL PROCUREMENT RECORD OR DECISION. NO UAE GOVERNMENT COMMISSIONING OR ENDORSEMENT.
OFR-00624,REQ-0125,SUP-030,63.70,59,9,18,false,true,FICTIONAL AND SYNTHETIC — FOR RESEARCH AND DEMONSTRATION ONLY. NOT A REAL PROCUREMENT RECORD OR DECISION. NO UAE GOVERNMENT COMMISSIONING OR ENDORSEMENT.
OFR-00625,REQ-0125,SUP-020,63.05,58,4,24,true,true,FICTIONAL AND SYNTHETIC — FOR RESEARCH AND DEMONSTRATION ONLY. NOT A REAL PROCUREMENT RECORD OR DECISION. NO UAE GOVERNMENT COMMISSIONING OR ENDORSEMENT.
OFR-00626,REQ-0126,SUP-100,306.80,15,17,6,true,true,FICTIONAL AND SYNTHETIC — FOR RESEARCH AND DEMONSTRATION ONLY. NOT A REAL PROCUREMENT RECORD OR DECISION. NO UAE GOVERNMENT COMMISSIONING OR ENDORSEMENT.
OFR-00627,REQ-0126,SUP-018,247.00,20,7,18,true,true,FICTIONAL AND SYNTHETIC — FOR RESEARCH AND DEMONSTRATION ONLY. NOT A REAL PROCUREMENT RECORD OR DECISION. NO UAE GOVERNMENT COMMISSIONING OR ENDORSEMENT.
OFR-00628,REQ-0126,SUP-049,283.40,20,20,3,true,true,FICTIONAL AND SYNTHETIC — FOR RESEARCH AND DEMONSTRATION ONLY. NOT A REAL PROCUREMENT RECORD OR DECISION. NO UAE GOVERNMENT COMMISSIONING OR ENDORSEMENT.
OFR-00629,REQ-0126,SUP-075,267.80,7,7,3,true,true,FICTIONAL AND SYNTHETIC — FOR RESEARCH AND DEMONSTRATION ONLY. NOT A REAL PROCUREMENT RECORD OR DECISION. NO UAE GOVERNMENT COMMISSIONING OR ENDORSEMENT.
OFR-00630,REQ-0126,SUP-006,278.20,16,28,24,false,true,FICTIONAL AND SYNTHETIC — FOR RESEARCH AND DEMONSTRATION ONLY. NOT A REAL PROCUREMENT RECORD OR DECISION. NO UAE GOVERNMENT COMMISSIONING OR ENDORSEMENT.
OFR-00631,REQ-0127,SUP-062,1287.50,19,19,3,true,true,FICTIONAL AND SYNTHETIC — FOR RESEARCH AND DEMONSTRATION ONLY. NOT A REAL PROCUREMENT RECORD OR DECISION. NO UAE GOVERNMENT COMMISSIONING OR ENDORSEMENT.
OFR-00632,REQ-0127,SUP-094,1087.50,25,5,3,true,true,FICTIONAL AND SYNTHETIC — FOR RESEARCH AND DEMONSTRATION ONLY. NOT A REAL PROCUREMENT RECORD OR DECISION. NO UAE GOVERNMENT COMMISSIONING OR ENDORSEMENT.
OFR-00633,REQ-0127,SUP-098,1012.50,18,22,18,true,true,FICTIONAL AND SYNTHETIC — FOR RESEARCH AND DEMONSTRATION ONLY. NOT A REAL PROCUREMENT RECORD OR DECISION. NO UAE GOVERNMENT COMMISSIONING OR ENDORSEMENT.
OFR-00634,REQ-0127,SUP-077,1075.00,23,26,18,true,true,FICTIONAL AND SYNTHETIC — FOR RESEARCH AND DEMONSTRATION ONLY. NOT A REAL PROCUREMENT RECORD OR DECISION. NO UAE GOVERNMENT COMMISSIONING OR ENDORSEMENT.
OFR-00635,REQ-0127,SUP-042,1087.50,10,37,3,true,true,FICTIONAL AND SYNTHETIC — FOR RESEARCH AND DEMONSTRATION ONLY. NOT A REAL PROCUREMENT RECORD OR DECISION. NO UAE GOVERNMENT COMMISSIONING OR ENDORSEMENT.
OFR-00636,REQ-0128,SUP-025,1995.00,26,2,18,true,true,FICTIONAL AND SYNTHETIC — FOR RESEARCH AND DEMONSTRATION ONLY. NOT A REAL PROCUREMENT RECORD OR DECISION. NO UAE GOVERNMENT COMMISSIONING OR ENDORSEMENT.
OFR-00637,REQ-0128,SUP-079,2223.00,32,3,3,true,true,FICTIONAL AND SYNTHETIC — FOR RESEARCH AND DEMONSTRATION ONLY. NOT A REAL PROCUREMENT RECORD OR DECISION. NO UAE GOVERNMENT COMMISSIONING OR ENDORSEMENT.
OFR-00638,REQ-0128,SUP-048,2185.00,25,5,24,true,true,FICTIONAL AND SYNTHETIC — FOR RESEARCH AND DEMONSTRATION ONLY. NOT A REAL PROCUREMENT RECORD OR DECISION. NO UAE GOVERNMENT COMMISSIONING OR ENDORSEMENT.
OFR-00639,REQ-0128,SUP-018,2052.00,19,25,12,false,true,FICTIONAL AND SYNTHETIC — FOR RESEARCH AND DEMONSTRATION ONLY. NOT A REAL PROCUREMENT RECORD OR DECISION. NO UAE GOVERNMENT COMMISSIONING OR ENDORSEMENT.
OFR-00640,REQ-0128,SUP-019,2109.00,26,5,12,true,true,FICTIONAL AND SYNTHETIC — FOR RESEARCH AND DEMONSTRATION ONLY. NOT A REAL PROCUREMENT RECORD OR DECISION. NO UAE GOVERNMENT COMMISSIONING OR ENDORSEMENT.
OFR-00641,REQ-0129,SUP-071,12.74,2667,18,24,true,true,FICTIONAL AND SYNTHETIC — FOR RESEARCH AND DEMONSTRATION ONLY. NOT A REAL PROCUREMENT RECORD OR DECISION. NO UAE GOVERNMENT COMMISSIONING OR ENDORSEMENT.
OFR-00642,REQ-0129,SUP-048,12.46,2183,24,6,true,true,FICTIONAL AND SYNTHETIC — FOR RESEARCH AND DEMONSTRATION ONLY. NOT A REAL PROCUREMENT RECORD OR DECISION. NO UAE GOVERNMENT COMMISSIONING OR ENDORSEMENT.
OFR-00643,REQ-0129,SUP-064,13.30,2198,9,6,true,true,FICTIONAL AND SYNTHETIC — FOR RESEARCH AND DEMONSTRATION ONLY. NOT A REAL PROCUREMENT RECORD OR DECISION. NO UAE GOVERNMENT COMMISSIONING OR ENDORSEMENT.
OFR-00644,REQ-0129,SUP-019,16.66,1933,25,24,true,true,FICTIONAL AND SYNTHETIC — FOR RESEARCH AND DEMONSTRATION ONLY. NOT A REAL PROCUREMENT RECORD OR DECISION. NO UAE GOVERNMENT COMMISSIONING OR ENDORSEMENT.
OFR-00645,REQ-0129,SUP-029,15.96,2537,7,3,true,true,FICTIONAL AND SYNTHETIC — FOR RESEARCH AND DEMONSTRATION ONLY. NOT A REAL PROCUREMENT RECORD OR DECISION. NO UAE GOVERNMENT COMMISSIONING OR ENDORSEMENT.
OFR-00646,REQ-0130,SUP-050,73.45,446,11,24,true,true,FICTIONAL AND SYNTHETIC — FOR RESEARCH AND DEMONSTRATION ONLY. NOT A REAL PROCUREMENT RECORD OR DECISION. NO UAE GOVERNMENT COMMISSIONING OR ENDORSEMENT.
OFR-00647,REQ-0130,SUP-030,67.60,347,3,18,true,true,FICTIONAL AND SYNTHETIC — FOR RESEARCH AND DEMONSTRATION ONLY. NOT A REAL PROCUREMENT RECORD OR DECISION. NO UAE GOVERNMENT COMMISSIONING OR ENDORSEMENT.
OFR-00648,REQ-0130,SUP-037,52.65,386,4,12,true,true,FICTIONAL AND SYNTHETIC — FOR RESEARCH AND DEMONSTRATION ONLY. NOT A REAL PROCUREMENT RECORD OR DECISION. NO UAE GOVERNMENT COMMISSIONING OR ENDORSEMENT.
OFR-00649,REQ-0130,SUP-005,75.40,223,8,18,true,true,FICTIONAL AND SYNTHETIC — FOR RESEARCH AND DEMONSTRATION ONLY. NOT A REAL PROCUREMENT RECORD OR DECISION. NO UAE GOVERNMENT COMMISSIONING OR ENDORSEMENT.
OFR-00650,REQ-0130,SUP-035,57.20,246,4,12,true,true,FICTIONAL AND SYNTHETIC — FOR RESEARCH AND DEMONSTRATION ONLY. NOT A REAL PROCUREMENT RECORD OR DECISION. NO UAE GOVERNMENT COMMISSIONING OR ENDORSEMENT.
OFR-00651,REQ-0131,SUP-061,273.00,77,23,3,true,true,FICTIONAL AND SYNTHETIC — FOR RESEARCH AND DEMONSTRATION ONLY. NOT A REAL PROCUREMENT RECORD OR DECISION. NO UAE GOVERNMENT COMMISSIONING OR ENDORSEMENT.
OFR-00652,REQ-0131,SUP-069,267.80,59,47,3,true,true,FICTIONAL AND SYNTHETIC — FOR RESEARCH AND DEMONSTRATION ONLY. NOT A REAL PROCUREMENT RECORD OR DECISION. NO UAE GOVERNMENT COMMISSIONING OR ENDORSEMENT.
OFR-00653,REQ-0131,SUP-071,265.20,72,12,18,true,true,FICTIONAL AND SYNTHETIC — FOR RESEARCH AND DEMONSTRATION ONLY. NOT A REAL PROCUREMENT RECORD OR DECISION. NO UAE GOVERNMENT COMMISSIONING OR ENDORSEMENT.
OFR-00654,REQ-0131,SUP-056,291.20,55,11,12,true,true,FICTIONAL AND SYNTHETIC — FOR RESEARCH AND DEMONSTRATION ONLY. NOT A REAL PROCUREMENT RECORD OR DECISION. NO UAE GOVERNMENT COMMISSIONING OR ENDORSEMENT.
OFR-00655,REQ-0131,SUP-021,254.80,69,13,18,true,true,FICTIONAL AND SYNTHETIC — FOR RESEARCH AND DEMONSTRATION ONLY. NOT A REAL PROCUREMENT RECORD OR DECISION. NO UAE GOVERNMENT COMMISSIONING OR ENDORSEMENT.
OFR-00656,REQ-0132,SUP-017,1300.00,16,2,6,true,true,FICTIONAL AND SYNTHETIC — FOR RESEARCH AND DEMONSTRATION ONLY. NOT A REAL PROCUREMENT RECORD OR DECISION. NO UAE GOVERNMENT COMMISSIONING OR ENDORSEMENT.
OFR-00657,REQ-0132,SUP-072,1287.50,12,6,12,true,true,FICTIONAL AND SYNTHETIC — FOR RESEARCH AND DEMONSTRATION ONLY. NOT A REAL PROCUREMENT RECORD OR DECISION. NO UAE GOVERNMENT COMMISSIONING OR ENDORSEMENT.
OFR-00658,REQ-0132,SUP-097,1325.00,13,7,18,true,true,FICTIONAL AND SYNTHETIC — FOR RESEARCH AND DEMONSTRATION ONLY. NOT A REAL PROCUREMENT RECORD OR DECISION. NO UAE GOVERNMENT COMMISSIONING OR ENDORSEMENT.
OFR-00659,REQ-0132,SUP-051,1337.50,10,4,18,true,true,FICTIONAL AND SYNTHETIC — FOR RESEARCH AND DEMONSTRATION ONLY. NOT A REAL PROCUREMENT RECORD OR DECISION. NO UAE GOVERNMENT COMMISSIONING OR ENDORSEMENT.
OFR-00660,REQ-0132,SUP-075,1500.00,15,4,24,true,true,FICTIONAL AND SYNTHETIC — FOR RESEARCH AND DEMONSTRATION ONLY. NOT A REAL PROCUREMENT RECORD OR DECISION. NO UAE GOVERNMENT COMMISSIONING OR ENDORSEMENT.
OFR-00661,REQ-0133,SUP-083,1577.00,11,10,18,true,true,FICTIONAL AND SYNTHETIC — FOR RESEARCH AND DEMONSTRATION ONLY. NOT A REAL PROCUREMENT RECORD OR DECISION. NO UAE GOVERNMENT COMMISSIONING OR ENDORSEMENT.
OFR-00662,REQ-0133,SUP-003,1520.00,10,8,18,true,true,FICTIONAL AND SYNTHETIC — FOR RESEARCH AND DEMONSTRATION ONLY. NOT A REAL PROCUREMENT RECORD OR DECISION. NO UAE GOVERNMENT COMMISSIONING OR ENDORSEMENT.
OFR-00663,REQ-0133,SUP-008,1919.00,11,17,18,true,true,FICTIONAL AND SYNTHETIC — FOR RESEARCH AND DEMONSTRATION ONLY. NOT A REAL PROCUREMENT RECORD OR DECISION. NO UAE GOVERNMENT COMMISSIONING OR ENDORSEMENT.
OFR-00664,REQ-0133,SUP-033,1558.00,6,6,24,true,true,FICTIONAL AND SYNTHETIC — FOR RESEARCH AND DEMONSTRATION ONLY. NOT A REAL PROCUREMENT RECORD OR DECISION. NO UAE GOVERNMENT COMMISSIONING OR ENDORSEMENT.
OFR-00665,REQ-0133,SUP-058,1843.00,9,37,12,true,true,FICTIONAL AND SYNTHETIC — FOR RESEARCH AND DEMONSTRATION ONLY. NOT A REAL PROCUREMENT RECORD OR DECISION. NO UAE GOVERNMENT COMMISSIONING OR ENDORSEMENT.
OFR-00666,REQ-0134,SUP-004,15.12,881,25,6,true,true,FICTIONAL AND SYNTHETIC — FOR RESEARCH AND DEMONSTRATION ONLY. NOT A REAL PROCUREMENT RECORD OR DECISION. NO UAE GOVERNMENT COMMISSIONING OR ENDORSEMENT.
OFR-00667,REQ-0134,SUP-013,11.34,961,25,3,true,true,FICTIONAL AND SYNTHETIC — FOR RESEARCH AND DEMONSTRATION ONLY. NOT A REAL PROCUREMENT RECORD OR DECISION. NO UAE GOVERNMENT COMMISSIONING OR ENDORSEMENT.
OFR-00668,REQ-0134,SUP-047,14.14,939,4,3,true,true,FICTIONAL AND SYNTHETIC — FOR RESEARCH AND DEMONSTRATION ONLY. NOT A REAL PROCUREMENT RECORD OR DECISION. NO UAE GOVERNMENT COMMISSIONING OR ENDORSEMENT.
OFR-00669,REQ-0134,SUP-014,16.24,785,61,24,true,true,FICTIONAL AND SYNTHETIC — FOR RESEARCH AND DEMONSTRATION ONLY. NOT A REAL PROCUREMENT RECORD OR DECISION. NO UAE GOVERNMENT COMMISSIONING OR ENDORSEMENT.
OFR-00670,REQ-0134,SUP-034,14.56,373,20,24,true,true,FICTIONAL AND SYNTHETIC — FOR RESEARCH AND DEMONSTRATION ONLY. NOT A REAL PROCUREMENT RECORD OR DECISION. NO UAE GOVERNMENT COMMISSIONING OR ENDORSEMENT.
OFR-00671,REQ-0135,SUP-004,63.70,27,20,24,true,true,FICTIONAL AND SYNTHETIC — FOR RESEARCH AND DEMONSTRATION ONLY. NOT A REAL PROCUREMENT RECORD OR DECISION. NO UAE GOVERNMENT COMMISSIONING OR ENDORSEMENT.
OFR-00672,REQ-0135,SUP-030,68.90,27,5,18,true,true,FICTIONAL AND SYNTHETIC — FOR RESEARCH AND DEMONSTRATION ONLY. NOT A REAL PROCUREMENT RECORD OR DECISION. NO UAE GOVERNMENT COMMISSIONING OR ENDORSEMENT.
OFR-00673,REQ-0135,SUP-010,67.60,25,44,24,true,true,FICTIONAL AND SYNTHETIC — FOR RESEARCH AND DEMONSTRATION ONLY. NOT A REAL PROCUREMENT RECORD OR DECISION. NO UAE GOVERNMENT COMMISSIONING OR ENDORSEMENT.
OFR-00674,REQ-0135,SUP-005,58.50,21,22,3,false,true,FICTIONAL AND SYNTHETIC — FOR RESEARCH AND DEMONSTRATION ONLY. NOT A REAL PROCUREMENT RECORD OR DECISION. NO UAE GOVERNMENT COMMISSIONING OR ENDORSEMENT.
OFR-00675,REQ-0135,SUP-085,63.70,22,59,18,false,true,FICTIONAL AND SYNTHETIC — FOR RESEARCH AND DEMONSTRATION ONLY. NOT A REAL PROCUREMENT RECORD OR DECISION. NO UAE GOVERNMENT COMMISSIONING OR ENDORSEMENT.
OFR-00676,REQ-0136,SUP-084,234.00,11,28,12,true,true,FICTIONAL AND SYNTHETIC — FOR RESEARCH AND DEMONSTRATION ONLY. NOT A REAL PROCUREMENT RECORD OR DECISION. NO UAE GOVERNMENT COMMISSIONING OR ENDORSEMENT.
OFR-00677,REQ-0136,SUP-091,241.80,11,29,18,true,true,FICTIONAL AND SYNTHETIC — FOR RESEARCH AND DEMONSTRATION ONLY. NOT A REAL PROCUREMENT RECORD OR DECISION. NO UAE GOVERNMENT COMMISSIONING OR ENDORSEMENT.
OFR-00678,REQ-0136,SUP-061,244.40,14,5,3,true,true,FICTIONAL AND SYNTHETIC — FOR RESEARCH AND DEMONSTRATION ONLY. NOT A REAL PROCUREMENT RECORD OR DECISION. NO UAE GOVERNMENT COMMISSIONING OR ENDORSEMENT.
OFR-00679,REQ-0136,SUP-036,260.00,12,45,3,false,true,FICTIONAL AND SYNTHETIC — FOR RESEARCH AND DEMONSTRATION ONLY. NOT A REAL PROCUREMENT RECORD OR DECISION. NO UAE GOVERNMENT COMMISSIONING OR ENDORSEMENT.
OFR-00680,REQ-0136,SUP-021,210.60,9,24,12,true,true,FICTIONAL AND SYNTHETIC — FOR RESEARCH AND DEMONSTRATION ONLY. NOT A REAL PROCUREMENT RECORD OR DECISION. NO UAE GOVERNMENT COMMISSIONING OR ENDORSEMENT.
OFR-00681,REQ-0137,SUP-057,1475.00,8,57,6,true,true,FICTIONAL AND SYNTHETIC — FOR RESEARCH AND DEMONSTRATION ONLY. NOT A REAL PROCUREMENT RECORD OR DECISION. NO UAE GOVERNMENT COMMISSIONING OR ENDORSEMENT.
OFR-00682,REQ-0137,SUP-001,1412.50,9,54,6,true,true,FICTIONAL AND SYNTHETIC — FOR RESEARCH AND DEMONSTRATION ONLY. NOT A REAL PROCUREMENT RECORD OR DECISION. NO UAE GOVERNMENT COMMISSIONING OR ENDORSEMENT.
OFR-00683,REQ-0137,SUP-069,1362.50,7,55,18,true,true,FICTIONAL AND SYNTHETIC — FOR RESEARCH AND DEMONSTRATION ONLY. NOT A REAL PROCUREMENT RECORD OR DECISION. NO UAE GOVERNMENT COMMISSIONING OR ENDORSEMENT.
OFR-00684,REQ-0137,SUP-007,1025.00,5,29,12,true,true,FICTIONAL AND SYNTHETIC — FOR RESEARCH AND DEMONSTRATION ONLY. NOT A REAL PROCUREMENT RECORD OR DECISION. NO UAE GOVERNMENT COMMISSIONING OR ENDORSEMENT.
OFR-00685,REQ-0137,SUP-062,1287.50,8,47,18,false,true,FICTIONAL AND SYNTHETIC — FOR RESEARCH AND DEMONSTRATION ONLY. NOT A REAL PROCUREMENT RECORD OR DECISION. NO UAE GOVERNMENT COMMISSIONING OR ENDORSEMENT.
OFR-00686,REQ-0138,SUP-038,1653.00,3,12,12,true,true,FICTIONAL AND SYNTHETIC — FOR RESEARCH AND DEMONSTRATION ONLY. NOT A REAL PROCUREMENT RECORD OR DECISION. NO UAE GOVERNMENT COMMISSIONING OR ENDORSEMENT.
OFR-00687,REQ-0138,SUP-031,1900.00,2,1,18,true,true,FICTIONAL AND SYNTHETIC — FOR RESEARCH AND DEMONSTRATION ONLY. NOT A REAL PROCUREMENT RECORD OR DECISION. NO UAE GOVERNMENT COMMISSIONING OR ENDORSEMENT.
OFR-00688,REQ-0138,SUP-058,1710.00,2,14,3,true,true,FICTIONAL AND SYNTHETIC — FOR RESEARCH AND DEMONSTRATION ONLY. NOT A REAL PROCUREMENT RECORD OR DECISION. NO UAE GOVERNMENT COMMISSIONING OR ENDORSEMENT.
OFR-00689,REQ-0138,SUP-089,2128.00,3,29,12,true,true,FICTIONAL AND SYNTHETIC — FOR RESEARCH AND DEMONSTRATION ONLY. NOT A REAL PROCUREMENT RECORD OR DECISION. NO UAE GOVERNMENT COMMISSIONING OR ENDORSEMENT.
OFR-00690,REQ-0138,SUP-072,1520.00,2,32,3,true,true,FICTIONAL AND SYNTHETIC — FOR RESEARCH AND DEMONSTRATION ONLY. NOT A REAL PROCUREMENT RECORD OR DECISION. NO UAE GOVERNMENT COMMISSIONING OR ENDORSEMENT.
OFR-00691,REQ-0139,SUP-096,14.28,1143,24,12,true,true,FICTIONAL AND SYNTHETIC — FOR RESEARCH AND DEMONSTRATION ONLY. NOT A REAL PROCUREMENT RECORD OR DECISION. NO UAE GOVERNMENT COMMISSIONING OR ENDORSEMENT.
OFR-00692,REQ-0139,SUP-039,14.98,1406,5,3,true,true,FICTIONAL AND SYNTHETIC — FOR RESEARCH AND DEMONSTRATION ONLY. NOT A REAL PROCUREMENT RECORD OR DECISION. NO UAE GOVERNMENT COMMISSIONING OR ENDORSEMENT.
OFR-00693,REQ-0139,SUP-088,15.82,1475,28,24,true,true,FICTIONAL AND SYNTHETIC — FOR RESEARCH AND DEMONSTRATION ONLY. NOT A REAL PROCUREMENT RECORD OR DECISION. NO UAE GOVERNMENT COMMISSIONING OR ENDORSEMENT.
OFR-00694,REQ-0139,SUP-056,14.00,861,17,18,true,true,FICTIONAL AND SYNTHETIC — FOR RESEARCH AND DEMONSTRATION ONLY. NOT A REAL PROCUREMENT RECORD OR DECISION. NO UAE GOVERNMENT COMMISSIONING OR ENDORSEMENT.
OFR-00695,REQ-0139,SUP-060,11.20,1140,58,3,true,true,FICTIONAL AND SYNTHETIC — FOR RESEARCH AND DEMONSTRATION ONLY. NOT A REAL PROCUREMENT RECORD OR DECISION. NO UAE GOVERNMENT COMMISSIONING OR ENDORSEMENT.
OFR-00696,REQ-0140,SUP-006,76.70,318,38,18,true,true,FICTIONAL AND SYNTHETIC — FOR RESEARCH AND DEMONSTRATION ONLY. NOT A REAL PROCUREMENT RECORD OR DECISION. NO UAE GOVERNMENT COMMISSIONING OR ENDORSEMENT.
OFR-00697,REQ-0140,SUP-085,63.70,239,15,6,true,true,FICTIONAL AND SYNTHETIC — FOR RESEARCH AND DEMONSTRATION ONLY. NOT A REAL PROCUREMENT RECORD OR DECISION. NO UAE GOVERNMENT COMMISSIONING OR ENDORSEMENT.
OFR-00698,REQ-0140,SUP-065,61.75,262,54,3,true,true,FICTIONAL AND SYNTHETIC — FOR RESEARCH AND DEMONSTRATION ONLY. NOT A REAL PROCUREMENT RECORD OR DECISION. NO UAE GOVERNMENT COMMISSIONING OR ENDORSEMENT.
OFR-00699,REQ-0140,SUP-040,63.70,141,34,24,false,true,FICTIONAL AND SYNTHETIC — FOR RESEARCH AND DEMONSTRATION ONLY. NOT A REAL PROCUREMENT RECORD OR DECISION. NO UAE GOVERNMENT COMMISSIONING OR ENDORSEMENT.
OFR-00700,REQ-0140,SUP-005,78.00,234,34,18,true,true,FICTIONAL AND SYNTHETIC — FOR RESEARCH AND DEMONSTRATION ONLY. NOT A REAL PROCUREMENT RECORD OR DECISION. NO UAE GOVERNMENT COMMISSIONING OR ENDORSEMENT.
OFR-00701,REQ-0141,SUP-086,221.00,68,19,3,true,true,FICTIONAL AND SYNTHETIC — FOR RESEARCH AND DEMONSTRATION ONLY. NOT A REAL PROCUREMENT RECORD OR DECISION. NO UAE GOVERNMENT COMMISSIONING OR ENDORSEMENT.
OFR-00702,REQ-0141,SUP-031,293.80,49,5,18,true,true,FICTIONAL AND SYNTHETIC — FOR RESEARCH AND DEMONSTRATION ONLY. NOT A REAL PROCUREMENT RECORD OR DECISION. NO UAE GOVERNMENT COMMISSIONING OR ENDORSEMENT.
OFR-00703,REQ-0141,SUP-065,254.80,60,4,3,true,true,FICTIONAL AND SYNTHETIC — FOR RESEARCH AND DEMONSTRATION ONLY. NOT A REAL PROCUREMENT RECORD OR DECISION. NO UAE GOVERNMENT COMMISSIONING OR ENDORSEMENT.
OFR-00704,REQ-0141,SUP-001,280.80,57,24,6,false,true,FICTIONAL AND SYNTHETIC — FOR RESEARCH AND DEMONSTRATION ONLY. NOT A REAL PROCUREMENT RECORD OR DECISION. NO UAE GOVERNMENT COMMISSIONING OR ENDORSEMENT.
OFR-00705,REQ-0141,SUP-054,221.00,64,1,6,true,true,FICTIONAL AND SYNTHETIC — FOR RESEARCH AND DEMONSTRATION ONLY. NOT A REAL PROCUREMENT RECORD OR DECISION. NO UAE GOVERNMENT COMMISSIONING OR ENDORSEMENT.
OFR-00706,REQ-0142,SUP-098,1400.00,28,7,3,true,true,FICTIONAL AND SYNTHETIC — FOR RESEARCH AND DEMONSTRATION ONLY. NOT A REAL PROCUREMENT RECORD OR DECISION. NO UAE GOVERNMENT COMMISSIONING OR ENDORSEMENT.
OFR-00707,REQ-0142,SUP-086,1200.00,29,34,3,true,true,FICTIONAL AND SYNTHETIC — FOR RESEARCH AND DEMONSTRATION ONLY. NOT A REAL PROCUREMENT RECORD OR DECISION. NO UAE GOVERNMENT COMMISSIONING OR ENDORSEMENT.
OFR-00708,REQ-0142,SUP-062,1487.50,21,28,3,true,true,FICTIONAL AND SYNTHETIC — FOR RESEARCH AND DEMONSTRATION ONLY. NOT A REAL PROCUREMENT RECORD OR DECISION. NO UAE GOVERNMENT COMMISSIONING OR ENDORSEMENT.
OFR-00709,REQ-0142,SUP-052,1462.50,17,15,3,true,true,FICTIONAL AND SYNTHETIC — FOR RESEARCH AND DEMONSTRATION ONLY. NOT A REAL PROCUREMENT RECORD OR DECISION. NO UAE GOVERNMENT COMMISSIONING OR ENDORSEMENT.
OFR-00710,REQ-0142,SUP-022,1112.50,20,61,12,false,true,FICTIONAL AND SYNTHETIC — FOR RESEARCH AND DEMONSTRATION ONLY. NOT A REAL PROCUREMENT RECORD OR DECISION. NO UAE GOVERNMENT COMMISSIONING OR ENDORSEMENT.
OFR-00711,REQ-0143,SUP-042,2185.00,4,14,18,true,true,FICTIONAL AND SYNTHETIC — FOR RESEARCH AND DEMONSTRATION ONLY. NOT A REAL PROCUREMENT RECORD OR DECISION. NO UAE GOVERNMENT COMMISSIONING OR ENDORSEMENT.
OFR-00712,REQ-0143,SUP-052,2090.00,3,46,3,true,true,FICTIONAL AND SYNTHETIC — FOR RESEARCH AND DEMONSTRATION ONLY. NOT A REAL PROCUREMENT RECORD OR DECISION. NO UAE GOVERNMENT COMMISSIONING OR ENDORSEMENT.
OFR-00713,REQ-0143,SUP-092,2166.00,3,11,24,true,true,FICTIONAL AND SYNTHETIC — FOR RESEARCH AND DEMONSTRATION ONLY. NOT A REAL PROCUREMENT RECORD OR DECISION. NO UAE GOVERNMENT COMMISSIONING OR ENDORSEMENT.
OFR-00714,REQ-0143,SUP-089,1900.00,2,4,12,false,true,FICTIONAL AND SYNTHETIC — FOR RESEARCH AND DEMONSTRATION ONLY. NOT A REAL PROCUREMENT RECORD OR DECISION. NO UAE GOVERNMENT COMMISSIONING OR ENDORSEMENT.
OFR-00715,REQ-0143,SUP-034,1596.00,4,3,12,true,true,FICTIONAL AND SYNTHETIC — FOR RESEARCH AND DEMONSTRATION ONLY. NOT A REAL PROCUREMENT RECORD OR DECISION. NO UAE GOVERNMENT COMMISSIONING OR ENDORSEMENT.
OFR-00716,REQ-0144,SUP-009,15.96,564,1,6,true,true,FICTIONAL AND SYNTHETIC — FOR RESEARCH AND DEMONSTRATION ONLY. NOT A REAL PROCUREMENT RECORD OR DECISION. NO UAE GOVERNMENT COMMISSIONING OR ENDORSEMENT.
OFR-00717,REQ-0144,SUP-038,15.68,626,21,12,true,true,FICTIONAL AND SYNTHETIC — FOR RESEARCH AND DEMONSTRATION ONLY. NOT A REAL PROCUREMENT RECORD OR DECISION. NO UAE GOVERNMENT COMMISSIONING OR ENDORSEMENT.
OFR-00718,REQ-0144,SUP-027,13.86,610,28,6,true,true,FICTIONAL AND SYNTHETIC — FOR RESEARCH AND DEMONSTRATION ONLY. NOT A REAL PROCUREMENT RECORD OR DECISION. NO UAE GOVERNMENT COMMISSIONING OR ENDORSEMENT.
OFR-00719,REQ-0144,SUP-099,12.88,287,44,18,false,true,FICTIONAL AND SYNTHETIC — FOR RESEARCH AND DEMONSTRATION ONLY. NOT A REAL PROCUREMENT RECORD OR DECISION. NO UAE GOVERNMENT COMMISSIONING OR ENDORSEMENT.
OFR-00720,REQ-0144,SUP-096,14.42,529,22,3,true,true,FICTIONAL AND SYNTHETIC — FOR RESEARCH AND DEMONSTRATION ONLY. NOT A REAL PROCUREMENT RECORD OR DECISION. NO UAE GOVERNMENT COMMISSIONING OR ENDORSEMENT.
OFR-00721,REQ-0145,SUP-085,63.70,211,18,18,true,true,FICTIONAL AND SYNTHETIC — FOR RESEARCH AND DEMONSTRATION ONLY. NOT A REAL PROCUREMENT RECORD OR DECISION. NO UAE GOVERNMENT COMMISSIONING OR ENDORSEMENT.
OFR-00722,REQ-0145,SUP-095,53.95,223,46,12,true,true,FICTIONAL AND SYNTHETIC — FOR RESEARCH AND DEMONSTRATION ONLY. NOT A REAL PROCUREMENT RECORD OR DECISION. NO UAE GOVERNMENT COMMISSIONING OR ENDORSEMENT.
OFR-00723,REQ-0145,SUP-080,52.00,214,44,24,true,true,FICTIONAL AND SYNTHETIC — FOR RESEARCH AND DEMONSTRATION ONLY. NOT A REAL PROCUREMENT RECORD OR DECISION. NO UAE GOVERNMENT COMMISSIONING OR ENDORSEMENT.
OFR-00724,REQ-0145,SUP-088,61.10,100,31,24,false,true,FICTIONAL AND SYNTHETIC — FOR RESEARCH AND DEMONSTRATION ONLY. NOT A REAL PROCUREMENT RECORD OR DECISION. NO UAE GOVERNMENT COMMISSIONING OR ENDORSEMENT.
OFR-00725,REQ-0145,SUP-090,63.05,156,5,6,true,true,FICTIONAL AND SYNTHETIC — FOR RESEARCH AND DEMONSTRATION ONLY. NOT A REAL PROCUREMENT RECORD OR DECISION. NO UAE GOVERNMENT COMMISSIONING OR ENDORSEMENT.
OFR-00726,REQ-0146,SUP-081,280.80,36,37,6,true,true,FICTIONAL AND SYNTHETIC — FOR RESEARCH AND DEMONSTRATION ONLY. NOT A REAL PROCUREMENT RECORD OR DECISION. NO UAE GOVERNMENT COMMISSIONING OR ENDORSEMENT.
OFR-00727,REQ-0146,SUP-014,236.60,47,44,24,true,true,FICTIONAL AND SYNTHETIC — FOR RESEARCH AND DEMONSTRATION ONLY. NOT A REAL PROCUREMENT RECORD OR DECISION. NO UAE GOVERNMENT COMMISSIONING OR ENDORSEMENT.
OFR-00728,REQ-0146,SUP-028,293.80,36,22,12,true,true,FICTIONAL AND SYNTHETIC — FOR RESEARCH AND DEMONSTRATION ONLY. NOT A REAL PROCUREMENT RECORD OR DECISION. NO UAE GOVERNMENT COMMISSIONING OR ENDORSEMENT.
OFR-00729,REQ-0146,SUP-018,231.40,26,72,18,true,true,FICTIONAL AND SYNTHETIC — FOR RESEARCH AND DEMONSTRATION ONLY. NOT A REAL PROCUREMENT RECORD OR DECISION. NO UAE GOVERNMENT COMMISSIONING OR ENDORSEMENT.
OFR-00730,REQ-0146,SUP-041,306.80,25,11,3,true,true,FICTIONAL AND SYNTHETIC — FOR RESEARCH AND DEMONSTRATION ONLY. NOT A REAL PROCUREMENT RECORD OR DECISION. NO UAE GOVERNMENT COMMISSIONING OR ENDORSEMENT.
OFR-00731,REQ-0147,SUP-067,1337.50,33,9,3,true,true,FICTIONAL AND SYNTHETIC — FOR RESEARCH AND DEMONSTRATION ONLY. NOT A REAL PROCUREMENT RECORD OR DECISION. NO UAE GOVERNMENT COMMISSIONING OR ENDORSEMENT.
OFR-00732,REQ-0147,SUP-094,1250.00,31,25,6,true,true,FICTIONAL AND SYNTHETIC — FOR RESEARCH AND DEMONSTRATION ONLY. NOT A REAL PROCUREMENT RECORD OR DECISION. NO UAE GOVERNMENT COMMISSIONING OR ENDORSEMENT.
OFR-00733,REQ-0147,SUP-022,1187.50,27,16,24,true,true,FICTIONAL AND SYNTHETIC — FOR RESEARCH AND DEMONSTRATION ONLY. NOT A REAL PROCUREMENT RECORD OR DECISION. NO UAE GOVERNMENT COMMISSIONING OR ENDORSEMENT.
OFR-00734,REQ-0147,SUP-033,1450.00,18,72,18,true,true,FICTIONAL AND SYNTHETIC — FOR RESEARCH AND DEMONSTRATION ONLY. NOT A REAL PROCUREMENT RECORD OR DECISION. NO UAE GOVERNMENT COMMISSIONING OR ENDORSEMENT.
OFR-00735,REQ-0147,SUP-096,1375.00,23,35,12,true,true,FICTIONAL AND SYNTHETIC — FOR RESEARCH AND DEMONSTRATION ONLY. NOT A REAL PROCUREMENT RECORD OR DECISION. NO UAE GOVERNMENT COMMISSIONING OR ENDORSEMENT.
OFR-00736,REQ-0148,SUP-098,2280.00,20,9,3,true,true,FICTIONAL AND SYNTHETIC — FOR RESEARCH AND DEMONSTRATION ONLY. NOT A REAL PROCUREMENT RECORD OR DECISION. NO UAE GOVERNMENT COMMISSIONING OR ENDORSEMENT.
OFR-00737,REQ-0148,SUP-015,1767.00,19,14,18,true,true,FICTIONAL AND SYNTHETIC — FOR RESEARCH AND DEMONSTRATION ONLY. NOT A REAL PROCUREMENT RECORD OR DECISION. NO UAE GOVERNMENT COMMISSIONING OR ENDORSEMENT.
OFR-00738,REQ-0148,SUP-018,1729.00,19,23,24,true,true,FICTIONAL AND SYNTHETIC — FOR RESEARCH AND DEMONSTRATION ONLY. NOT A REAL PROCUREMENT RECORD OR DECISION. NO UAE GOVERNMENT COMMISSIONING OR ENDORSEMENT.
OFR-00739,REQ-0148,SUP-039,2071.00,13,20,24,true,true,FICTIONAL AND SYNTHETIC — FOR RESEARCH AND DEMONSTRATION ONLY. NOT A REAL PROCUREMENT RECORD OR DECISION. NO UAE GOVERNMENT COMMISSIONING OR ENDORSEMENT.
OFR-00740,REQ-0148,SUP-027,1824.00,16,35,12,true,true,FICTIONAL AND SYNTHETIC — FOR RESEARCH AND DEMONSTRATION ONLY. NOT A REAL PROCUREMENT RECORD OR DECISION. NO UAE GOVERNMENT COMMISSIONING OR ENDORSEMENT.
OFR-00741,REQ-0149,SUP-079,12.74,1478,11,12,true,true,FICTIONAL AND SYNTHETIC — FOR RESEARCH AND DEMONSTRATION ONLY. NOT A REAL PROCUREMENT RECORD OR DECISION. NO UAE GOVERNMENT COMMISSIONING OR ENDORSEMENT.
OFR-00742,REQ-0149,SUP-088,12.18,1367,18,12,true,true,FICTIONAL AND SYNTHETIC — FOR RESEARCH AND DEMONSTRATION ONLY. NOT A REAL PROCUREMENT RECORD OR DECISION. NO UAE GOVERNMENT COMMISSIONING OR ENDORSEMENT.
OFR-00743,REQ-0149,SUP-069,16.10,1431,7,12,true,true,FICTIONAL AND SYNTHETIC — FOR RESEARCH AND DEMONSTRATION ONLY. NOT A REAL PROCUREMENT RECORD OR DECISION. NO UAE GOVERNMENT COMMISSIONING OR ENDORSEMENT.
OFR-00744,REQ-0149,SUP-001,14.70,581,19,6,true,true,FICTIONAL AND SYNTHETIC — FOR RESEARCH AND DEMONSTRATION ONLY. NOT A REAL PROCUREMENT RECORD OR DECISION. NO UAE GOVERNMENT COMMISSIONING OR ENDORSEMENT.
OFR-00745,REQ-0149,SUP-039,13.72,868,5,12,true,true,FICTIONAL AND SYNTHETIC — FOR RESEARCH AND DEMONSTRATION ONLY. NOT A REAL PROCUREMENT RECORD OR DECISION. NO UAE GOVERNMENT COMMISSIONING OR ENDORSEMENT.
OFR-00746,REQ-0150,SUP-010,61.75,316,16,18,true,true,FICTIONAL AND SYNTHETIC — FOR RESEARCH AND DEMONSTRATION ONLY. NOT A REAL PROCUREMENT RECORD OR DECISION. NO UAE GOVERNMENT COMMISSIONING OR ENDORSEMENT.
OFR-00747,REQ-0150,SUP-090,52.65,227,4,3,true,true,FICTIONAL AND SYNTHETIC — FOR RESEARCH AND DEMONSTRATION ONLY. NOT A REAL PROCUREMENT RECORD OR DECISION. NO UAE GOVERNMENT COMMISSIONING OR ENDORSEMENT.
OFR-00748,REQ-0150,SUP-095,74.75,235,14,24,true,true,FICTIONAL AND SYNTHETIC — FOR RESEARCH AND DEMONSTRATION ONLY. NOT A REAL PROCUREMENT RECORD OR DECISION. NO UAE GOVERNMENT COMMISSIONING OR ENDORSEMENT.
OFR-00749,REQ-0150,SUP-021,57.85,201,6,12,true,true,FICTIONAL AND SYNTHETIC — FOR RESEARCH AND DEMONSTRATION ONLY. NOT A REAL PROCUREMENT RECORD OR DECISION. NO UAE GOVERNMENT COMMISSIONING OR ENDORSEMENT.
OFR-00750,REQ-0150,SUP-025,72.80,157,15,18,true,true,FICTIONAL AND SYNTHETIC — FOR RESEARCH AND DEMONSTRATION ONLY. NOT A REAL PROCUREMENT RECORD OR DECISION. NO UAE GOVERNMENT COMMISSIONING OR ENDORSEMENT.
OFR-00751,REQ-0151,SUP-049,267.80,6,1,6,true,true,FICTIONAL AND SYNTHETIC — FOR RESEARCH AND DEMONSTRATION ONLY. NOT A REAL PROCUREMENT RECORD OR DECISION. NO UAE GOVERNMENT COMMISSIONING OR ENDORSEMENT.
OFR-00752,REQ-0151,SUP-076,275.60,9,2,18,true,true,FICTIONAL AND SYNTHETIC — FOR RESEARCH AND DEMONSTRATION ONLY. NOT A REAL PROCUREMENT RECORD OR DECISION. NO UAE GOVERNMENT COMMISSIONING OR ENDORSEMENT.
OFR-00753,REQ-0151,SUP-050,286.00,6,7,12,true,true,FICTIONAL AND SYNTHETIC — FOR RESEARCH AND DEMONSTRATION ONLY. NOT A REAL PROCUREMENT RECORD OR DECISION. NO UAE GOVERNMENT COMMISSIONING OR ENDORSEMENT.
OFR-00754,REQ-0151,SUP-026,309.40,3,7,12,true,true,FICTIONAL AND SYNTHETIC — FOR RESEARCH AND DEMONSTRATION ONLY. NOT A REAL PROCUREMENT RECORD OR DECISION. NO UAE GOVERNMENT COMMISSIONING OR ENDORSEMENT.
OFR-00755,REQ-0151,SUP-013,270.40,3,26,18,true,true,FICTIONAL AND SYNTHETIC — FOR RESEARCH AND DEMONSTRATION ONLY. NOT A REAL PROCUREMENT RECORD OR DECISION. NO UAE GOVERNMENT COMMISSIONING OR ENDORSEMENT.
OFR-00756,REQ-0152,SUP-032,1212.50,15,6,18,true,true,FICTIONAL AND SYNTHETIC — FOR RESEARCH AND DEMONSTRATION ONLY. NOT A REAL PROCUREMENT RECORD OR DECISION. NO UAE GOVERNMENT COMMISSIONING OR ENDORSEMENT.
OFR-00757,REQ-0152,SUP-037,1487.50,18,15,24,true,true,FICTIONAL AND SYNTHETIC — FOR RESEARCH AND DEMONSTRATION ONLY. NOT A REAL PROCUREMENT RECORD OR DECISION. NO UAE GOVERNMENT COMMISSIONING OR ENDORSEMENT.
OFR-00758,REQ-0152,SUP-072,1112.50,21,12,3,true,true,FICTIONAL AND SYNTHETIC — FOR RESEARCH AND DEMONSTRATION ONLY. NOT A REAL PROCUREMENT RECORD OR DECISION. NO UAE GOVERNMENT COMMISSIONING OR ENDORSEMENT.
OFR-00759,REQ-0152,SUP-098,1287.50,13,33,18,true,true,FICTIONAL AND SYNTHETIC — FOR RESEARCH AND DEMONSTRATION ONLY. NOT A REAL PROCUREMENT RECORD OR DECISION. NO UAE GOVERNMENT COMMISSIONING OR ENDORSEMENT.
OFR-00760,REQ-0152,SUP-097,1225.00,10,11,3,false,true,FICTIONAL AND SYNTHETIC — FOR RESEARCH AND DEMONSTRATION ONLY. NOT A REAL PROCUREMENT RECORD OR DECISION. NO UAE GOVERNMENT COMMISSIONING OR ENDORSEMENT.
OFR-00761,REQ-0153,SUP-006,1995.00,12,3,24,true,true,FICTIONAL AND SYNTHETIC — FOR RESEARCH AND DEMONSTRATION ONLY. NOT A REAL PROCUREMENT RECORD OR DECISION. NO UAE GOVERNMENT COMMISSIONING OR ENDORSEMENT.
OFR-00762,REQ-0153,SUP-088,2261.00,8,7,6,true,true,FICTIONAL AND SYNTHETIC — FOR RESEARCH AND DEMONSTRATION ONLY. NOT A REAL PROCUREMENT RECORD OR DECISION. NO UAE GOVERNMENT COMMISSIONING OR ENDORSEMENT.
OFR-00763,REQ-0153,SUP-048,2033.00,9,7,3,true,true,FICTIONAL AND SYNTHETIC — FOR RESEARCH AND DEMONSTRATION ONLY. NOT A REAL PROCUREMENT RECORD OR DECISION. NO UAE GOVERNMENT COMMISSIONING OR ENDORSEMENT.
OFR-00764,REQ-0153,SUP-031,1900.00,5,15,12,true,true,FICTIONAL AND SYNTHETIC — FOR RESEARCH AND DEMONSTRATION ONLY. NOT A REAL PROCUREMENT RECORD OR DECISION. NO UAE GOVERNMENT COMMISSIONING OR ENDORSEMENT.
OFR-00765,REQ-0153,SUP-078,2261.00,4,8,12,true,true,FICTIONAL AND SYNTHETIC — FOR RESEARCH AND DEMONSTRATION ONLY. NOT A REAL PROCUREMENT RECORD OR DECISION. NO UAE GOVERNMENT COMMISSIONING OR ENDORSEMENT.
OFR-00766,REQ-0154,SUP-038,12.46,2077,56,6,true,true,FICTIONAL AND SYNTHETIC — FOR RESEARCH AND DEMONSTRATION ONLY. NOT A REAL PROCUREMENT RECORD OR DECISION. NO UAE GOVERNMENT COMMISSIONING OR ENDORSEMENT.
OFR-00767,REQ-0154,SUP-035,11.76,1840,2,12,true,true,FICTIONAL AND SYNTHETIC — FOR RESEARCH AND DEMONSTRATION ONLY. NOT A REAL PROCUREMENT RECORD OR DECISION. NO UAE GOVERNMENT COMMISSIONING OR ENDORSEMENT.
OFR-00768,REQ-0154,SUP-024,15.82,2084,47,6,true,true,FICTIONAL AND SYNTHETIC — FOR RESEARCH AND DEMONSTRATION ONLY. NOT A REAL PROCUREMENT RECORD OR DECISION. NO UAE GOVERNMENT COMMISSIONING OR ENDORSEMENT.
OFR-00769,REQ-0154,SUP-012,12.74,1031,76,3,true,true,FICTIONAL AND SYNTHETIC — FOR RESEARCH AND DEMONSTRATION ONLY. NOT A REAL PROCUREMENT RECORD OR DECISION. NO UAE GOVERNMENT COMMISSIONING OR ENDORSEMENT.
OFR-00770,REQ-0154,SUP-074,16.80,1744,53,18,false,true,FICTIONAL AND SYNTHETIC — FOR RESEARCH AND DEMONSTRATION ONLY. NOT A REAL PROCUREMENT RECORD OR DECISION. NO UAE GOVERNMENT COMMISSIONING OR ENDORSEMENT.
OFR-00771,REQ-0155,SUP-075,68.25,137,7,18,true,true,FICTIONAL AND SYNTHETIC — FOR RESEARCH AND DEMONSTRATION ONLY. NOT A REAL PROCUREMENT RECORD OR DECISION. NO UAE GOVERNMENT COMMISSIONING OR ENDORSEMENT.
OFR-00772,REQ-0155,SUP-004,60.45,111,32,24,true,true,FICTIONAL AND SYNTHETIC — FOR RESEARCH AND DEMONSTRATION ONLY. NOT A REAL PROCUREMENT RECORD OR DECISION. NO UAE GOVERNMENT COMMISSIONING OR ENDORSEMENT.
OFR-00773,REQ-0155,SUP-085,69.55,106,6,18,true,true,FICTIONAL AND SYNTHETIC — FOR RESEARCH AND DEMONSTRATION ONLY. NOT A REAL PROCUREMENT RECORD OR DECISION. NO UAE GOVERNMENT COMMISSIONING OR ENDORSEMENT.
OFR-00774,REQ-0155,SUP-035,66.95,117,6,3,true,true,FICTIONAL AND SYNTHETIC — FOR RESEARCH AND DEMONSTRATION ONLY. NOT A REAL PROCUREMENT RECORD OR DECISION. NO UAE GOVERNMENT COMMISSIONING OR ENDORSEMENT.
OFR-00775,REQ-0155,SUP-037,68.90,67,75,18,true,true,FICTIONAL AND SYNTHETIC — FOR RESEARCH AND DEMONSTRATION ONLY. NOT A REAL PROCUREMENT RECORD OR DECISION. NO UAE GOVERNMENT COMMISSIONING OR ENDORSEMENT.
OFR-00776,REQ-0156,SUP-078,280.80,6,35,3,true,true,FICTIONAL AND SYNTHETIC — FOR RESEARCH AND DEMONSTRATION ONLY. NOT A REAL PROCUREMENT RECORD OR DECISION. NO UAE GOVERNMENT COMMISSIONING OR ENDORSEMENT.
OFR-00777,REQ-0156,SUP-081,231.40,5,26,24,true,true,FICTIONAL AND SYNTHETIC — FOR RESEARCH AND DEMONSTRATION ONLY. NOT A REAL PROCUREMENT RECORD OR DECISION. NO UAE GOVERNMENT COMMISSIONING OR ENDORSEMENT.
OFR-00778,REQ-0156,SUP-050,275.60,6,21,18,true,true,FICTIONAL AND SYNTHETIC — FOR RESEARCH AND DEMONSTRATION ONLY. NOT A REAL PROCUREMENT RECORD OR DECISION. NO UAE GOVERNMENT COMMISSIONING OR ENDORSEMENT.
OFR-00779,REQ-0156,SUP-066,306.80,6,32,12,true,true,FICTIONAL AND SYNTHETIC — FOR RESEARCH AND DEMONSTRATION ONLY. NOT A REAL PROCUREMENT RECORD OR DECISION. NO UAE GOVERNMENT COMMISSIONING OR ENDORSEMENT.
OFR-00780,REQ-0156,SUP-069,270.40,4,3,18,false,true,FICTIONAL AND SYNTHETIC — FOR RESEARCH AND DEMONSTRATION ONLY. NOT A REAL PROCUREMENT RECORD OR DECISION. NO UAE GOVERNMENT COMMISSIONING OR ENDORSEMENT.
OFR-00781,REQ-0157,SUP-026,1000.00,6,10,3,true,true,FICTIONAL AND SYNTHETIC — FOR RESEARCH AND DEMONSTRATION ONLY. NOT A REAL PROCUREMENT RECORD OR DECISION. NO UAE GOVERNMENT COMMISSIONING OR ENDORSEMENT.
OFR-00782,REQ-0157,SUP-069,1275.00,4,4,3,true,true,FICTIONAL AND SYNTHETIC — FOR RESEARCH AND DEMONSTRATION ONLY. NOT A REAL PROCUREMENT RECORD OR DECISION. NO UAE GOVERNMENT COMMISSIONING OR ENDORSEMENT.
OFR-00783,REQ-0157,SUP-062,1275.00,6,5,3,true,true,FICTIONAL AND SYNTHETIC — FOR RESEARCH AND DEMONSTRATION ONLY. NOT A REAL PROCUREMENT RECORD OR DECISION. NO UAE GOVERNMENT COMMISSIONING OR ENDORSEMENT.
OFR-00784,REQ-0157,SUP-017,1487.50,3,41,24,true,true,FICTIONAL AND SYNTHETIC — FOR RESEARCH AND DEMONSTRATION ONLY. NOT A REAL PROCUREMENT RECORD OR DECISION. NO UAE GOVERNMENT COMMISSIONING OR ENDORSEMENT.
OFR-00785,REQ-0157,SUP-037,1112.50,5,39,3,true,true,FICTIONAL AND SYNTHETIC — FOR RESEARCH AND DEMONSTRATION ONLY. NOT A REAL PROCUREMENT RECORD OR DECISION. NO UAE GOVERNMENT COMMISSIONING OR ENDORSEMENT.
OFR-00786,REQ-0158,SUP-088,1995.00,17,15,24,true,true,FICTIONAL AND SYNTHETIC — FOR RESEARCH AND DEMONSTRATION ONLY. NOT A REAL PROCUREMENT RECORD OR DECISION. NO UAE GOVERNMENT COMMISSIONING OR ENDORSEMENT.
OFR-00787,REQ-0158,SUP-061,1577.00,21,5,6,true,true,FICTIONAL AND SYNTHETIC — FOR RESEARCH AND DEMONSTRATION ONLY. NOT A REAL PROCUREMENT RECORD OR DECISION. NO UAE GOVERNMENT COMMISSIONING OR ENDORSEMENT.
OFR-00788,REQ-0158,SUP-039,1919.00,18,13,6,true,true,FICTIONAL AND SYNTHETIC — FOR RESEARCH AND DEMONSTRATION ONLY. NOT A REAL PROCUREMENT RECORD OR DECISION. NO UAE GOVERNMENT COMMISSIONING OR ENDORSEMENT.
OFR-00789,REQ-0158,SUP-015,2204.00,19,17,3,true,true,FICTIONAL AND SYNTHETIC — FOR RESEARCH AND DEMONSTRATION ONLY. NOT A REAL PROCUREMENT RECORD OR DECISION. NO UAE GOVERNMENT COMMISSIONING OR ENDORSEMENT.
OFR-00790,REQ-0158,SUP-011,1729.00,19,23,3,true,true,FICTIONAL AND SYNTHETIC — FOR RESEARCH AND DEMONSTRATION ONLY. NOT A REAL PROCUREMENT RECORD OR DECISION. NO UAE GOVERNMENT COMMISSIONING OR ENDORSEMENT.
OFR-00791,REQ-0159,SUP-074,14.28,1978,29,12,true,true,FICTIONAL AND SYNTHETIC — FOR RESEARCH AND DEMONSTRATION ONLY. NOT A REAL PROCUREMENT RECORD OR DECISION. NO UAE GOVERNMENT COMMISSIONING OR ENDORSEMENT.
OFR-00792,REQ-0159,SUP-083,15.82,1729,48,18,true,true,FICTIONAL AND SYNTHETIC — FOR RESEARCH AND DEMONSTRATION ONLY. NOT A REAL PROCUREMENT RECORD OR DECISION. NO UAE GOVERNMENT COMMISSIONING OR ENDORSEMENT.
OFR-00793,REQ-0159,SUP-089,16.10,1670,35,3,true,true,FICTIONAL AND SYNTHETIC — FOR RESEARCH AND DEMONSTRATION ONLY. NOT A REAL PROCUREMENT RECORD OR DECISION. NO UAE GOVERNMENT COMMISSIONING OR ENDORSEMENT.
OFR-00794,REQ-0159,SUP-038,16.80,1532,13,18,true,true,FICTIONAL AND SYNTHETIC — FOR RESEARCH AND DEMONSTRATION ONLY. NOT A REAL PROCUREMENT RECORD OR DECISION. NO UAE GOVERNMENT COMMISSIONING OR ENDORSEMENT.
OFR-00795,REQ-0159,SUP-086,11.20,1759,3,6,true,true,FICTIONAL AND SYNTHETIC — FOR RESEARCH AND DEMONSTRATION ONLY. NOT A REAL PROCUREMENT RECORD OR DECISION. NO UAE GOVERNMENT COMMISSIONING OR ENDORSEMENT.
OFR-00796,REQ-0160,SUP-065,74.75,43,60,6,true,true,FICTIONAL AND SYNTHETIC — FOR RESEARCH AND DEMONSTRATION ONLY. NOT A REAL PROCUREMENT RECORD OR DECISION. NO UAE GOVERNMENT COMMISSIONING OR ENDORSEMENT.
OFR-00797,REQ-0160,SUP-055,61.10,31,57,18,true,true,FICTIONAL AND SYNTHETIC — FOR RESEARCH AND DEMONSTRATION ONLY. NOT A REAL PROCUREMENT RECORD OR DECISION. NO UAE GOVERNMENT COMMISSIONING OR ENDORSEMENT.
OFR-00798,REQ-0160,SUP-037,63.70,40,16,24,true,true,FICTIONAL AND SYNTHETIC — FOR RESEARCH AND DEMONSTRATION ONLY. NOT A REAL PROCUREMENT RECORD OR DECISION. NO UAE GOVERNMENT COMMISSIONING OR ENDORSEMENT.
OFR-00799,REQ-0160,SUP-026,57.85,30,63,24,false,true,FICTIONAL AND SYNTHETIC — FOR RESEARCH AND DEMONSTRATION ONLY. NOT A REAL PROCUREMENT RECORD OR DECISION. NO UAE GOVERNMENT COMMISSIONING OR ENDORSEMENT.
OFR-00800,REQ-0160,SUP-025,69.55,32,37,6,true,true,FICTIONAL AND SYNTHETIC — FOR RESEARCH AND DEMONSTRATION ONLY. NOT A REAL PROCUREMENT RECORD OR DECISION. NO UAE GOVERNMENT COMMISSIONING OR ENDORSEMENT.
OFR-00801,REQ-0161,SUP-046,215.80,43,3,12,true,true,FICTIONAL AND SYNTHETIC — FOR RESEARCH AND DEMONSTRATION ONLY. NOT A REAL PROCUREMENT RECORD OR DECISION. NO UAE GOVERNMENT COMMISSIONING OR ENDORSEMENT.
OFR-00802,REQ-0161,SUP-049,312.00,41,11,18,true,true,FICTIONAL AND SYNTHETIC — FOR RESEARCH AND DEMONSTRATION ONLY. NOT A REAL PROCUREMENT RECORD OR DECISION. NO UAE GOVERNMENT COMMISSIONING OR ENDORSEMENT.
OFR-00803,REQ-0161,SUP-013,312.00,58,12,24,true,true,FICTIONAL AND SYNTHETIC — FOR RESEARCH AND DEMONSTRATION ONLY. NOT A REAL PROCUREMENT RECORD OR DECISION. NO UAE GOVERNMENT COMMISSIONING OR ENDORSEMENT.
OFR-00804,REQ-0161,SUP-086,221.00,40,64,12,false,true,FICTIONAL AND SYNTHETIC — FOR RESEARCH AND DEMONSTRATION ONLY. NOT A REAL PROCUREMENT RECORD OR DECISION. NO UAE GOVERNMENT COMMISSIONING OR ENDORSEMENT.
OFR-00805,REQ-0161,SUP-014,306.80,27,38,3,true,true,FICTIONAL AND SYNTHETIC — FOR RESEARCH AND DEMONSTRATION ONLY. NOT A REAL PROCUREMENT RECORD OR DECISION. NO UAE GOVERNMENT COMMISSIONING OR ENDORSEMENT.
OFR-00806,REQ-0162,SUP-026,1087.50,25,5,12,true,true,FICTIONAL AND SYNTHETIC — FOR RESEARCH AND DEMONSTRATION ONLY. NOT A REAL PROCUREMENT RECORD OR DECISION. NO UAE GOVERNMENT COMMISSIONING OR ENDORSEMENT.
OFR-00807,REQ-0162,SUP-033,1450.00,22,15,6,true,true,FICTIONAL AND SYNTHETIC — FOR RESEARCH AND DEMONSTRATION ONLY. NOT A REAL PROCUREMENT RECORD OR DECISION. NO UAE GOVERNMENT COMMISSIONING OR ENDORSEMENT.
OFR-00808,REQ-0162,SUP-015,1262.50,18,2,18,true,true,FICTIONAL AND SYNTHETIC — FOR RESEARCH AND DEMONSTRATION ONLY. NOT A REAL PROCUREMENT RECORD OR DECISION. NO UAE GOVERNMENT COMMISSIONING OR ENDORSEMENT.
OFR-00809,REQ-0162,SUP-001,1150.00,11,24,12,true,true,FICTIONAL AND SYNTHETIC — FOR RESEARCH AND DEMONSTRATION ONLY. NOT A REAL PROCUREMENT RECORD OR DECISION. NO UAE GOVERNMENT COMMISSIONING OR ENDORSEMENT.
OFR-00810,REQ-0162,SUP-007,1250.00,17,17,18,true,true,FICTIONAL AND SYNTHETIC — FOR RESEARCH AND DEMONSTRATION ONLY. NOT A REAL PROCUREMENT RECORD OR DECISION. NO UAE GOVERNMENT COMMISSIONING OR ENDORSEMENT.
OFR-00811,REQ-0163,SUP-015,1577.00,16,38,6,true,true,FICTIONAL AND SYNTHETIC — FOR RESEARCH AND DEMONSTRATION ONLY. NOT A REAL PROCUREMENT RECORD OR DECISION. NO UAE GOVERNMENT COMMISSIONING OR ENDORSEMENT.
OFR-00812,REQ-0163,SUP-059,2261.00,16,21,18,true,true,FICTIONAL AND SYNTHETIC — FOR RESEARCH AND DEMONSTRATION ONLY. NOT A REAL PROCUREMENT RECORD OR DECISION. NO UAE GOVERNMENT COMMISSIONING OR ENDORSEMENT.
OFR-00813,REQ-0163,SUP-073,1691.00,14,5,6,true,true,FICTIONAL AND SYNTHETIC — FOR RESEARCH AND DEMONSTRATION ONLY. NOT A REAL PROCUREMENT RECORD OR DECISION. NO UAE GOVERNMENT COMMISSIONING OR ENDORSEMENT.
OFR-00814,REQ-0163,SUP-047,1881.00,6,5,3,true,true,FICTIONAL AND SYNTHETIC — FOR RESEARCH AND DEMONSTRATION ONLY. NOT A REAL PROCUREMENT RECORD OR DECISION. NO UAE GOVERNMENT COMMISSIONING OR ENDORSEMENT.
OFR-00815,REQ-0163,SUP-061,1767.00,12,66,6,false,true,FICTIONAL AND SYNTHETIC — FOR RESEARCH AND DEMONSTRATION ONLY. NOT A REAL PROCUREMENT RECORD OR DECISION. NO UAE GOVERNMENT COMMISSIONING OR ENDORSEMENT.
OFR-00816,REQ-0164,SUP-012,15.26,2161,6,3,true,true,FICTIONAL AND SYNTHETIC — FOR RESEARCH AND DEMONSTRATION ONLY. NOT A REAL PROCUREMENT RECORD OR DECISION. NO UAE GOVERNMENT COMMISSIONING OR ENDORSEMENT.
OFR-00817,REQ-0164,SUP-001,16.52,1550,2,18,true,true,FICTIONAL AND SYNTHETIC — FOR RESEARCH AND DEMONSTRATION ONLY. NOT A REAL PROCUREMENT RECORD OR DECISION. NO UAE GOVERNMENT COMMISSIONING OR ENDORSEMENT.
OFR-00818,REQ-0164,SUP-059,15.96,1534,3,12,true,true,FICTIONAL AND SYNTHETIC — FOR RESEARCH AND DEMONSTRATION ONLY. NOT A REAL PROCUREMENT RECORD OR DECISION. NO UAE GOVERNMENT COMMISSIONING OR ENDORSEMENT.
OFR-00819,REQ-0164,SUP-047,15.96,783,35,18,true,true,FICTIONAL AND SYNTHETIC — FOR RESEARCH AND DEMONSTRATION ONLY. NOT A REAL PROCUREMENT RECORD OR DECISION. NO UAE GOVERNMENT COMMISSIONING OR ENDORSEMENT.
OFR-00820,REQ-0164,SUP-038,16.38,1370,20,6,true,true,FICTIONAL AND SYNTHETIC — FOR RESEARCH AND DEMONSTRATION ONLY. NOT A REAL PROCUREMENT RECORD OR DECISION. NO UAE GOVERNMENT COMMISSIONING OR ENDORSEMENT.
OFR-00821,REQ-0165,SUP-080,57.85,355,20,24,true,true,FICTIONAL AND SYNTHETIC — FOR RESEARCH AND DEMONSTRATION ONLY. NOT A REAL PROCUREMENT RECORD OR DECISION. NO UAE GOVERNMENT COMMISSIONING OR ENDORSEMENT.
OFR-00822,REQ-0165,SUP-090,55.90,429,46,24,true,true,FICTIONAL AND SYNTHETIC — FOR RESEARCH AND DEMONSTRATION ONLY. NOT A REAL PROCUREMENT RECORD OR DECISION. NO UAE GOVERNMENT COMMISSIONING OR ENDORSEMENT.
OFR-00823,REQ-0165,SUP-035,55.25,406,11,18,true,true,FICTIONAL AND SYNTHETIC — FOR RESEARCH AND DEMONSTRATION ONLY. NOT A REAL PROCUREMENT RECORD OR DECISION. NO UAE GOVERNMENT COMMISSIONING OR ENDORSEMENT.
OFR-00824,REQ-0165,SUP-070,61.10,383,40,12,true,true,FICTIONAL AND SYNTHETIC — FOR RESEARCH AND DEMONSTRATION ONLY. NOT A REAL PROCUREMENT RECORD OR DECISION. NO UAE GOVERNMENT COMMISSIONING OR ENDORSEMENT.
OFR-00825,REQ-0165,SUP-021,60.45,266,26,12,false,true,FICTIONAL AND SYNTHETIC — FOR RESEARCH AND DEMONSTRATION ONLY. NOT A REAL PROCUREMENT RECORD OR DECISION. NO UAE GOVERNMENT COMMISSIONING OR ENDORSEMENT.
OFR-00826,REQ-0166,SUP-083,283.40,23,13,18,true,true,FICTIONAL AND SYNTHETIC — FOR RESEARCH AND DEMONSTRATION ONLY. NOT A REAL PROCUREMENT RECORD OR DECISION. NO UAE GOVERNMENT COMMISSIONING OR ENDORSEMENT.
OFR-00827,REQ-0166,SUP-081,291.20,25,23,24,true,true,FICTIONAL AND SYNTHETIC — FOR RESEARCH AND DEMONSTRATION ONLY. NOT A REAL PROCUREMENT RECORD OR DECISION. NO UAE GOVERNMENT COMMISSIONING OR ENDORSEMENT.
OFR-00828,REQ-0166,SUP-069,283.40,20,8,18,true,true,FICTIONAL AND SYNTHETIC — FOR RESEARCH AND DEMONSTRATION ONLY. NOT A REAL PROCUREMENT RECORD OR DECISION. NO UAE GOVERNMENT COMMISSIONING OR ENDORSEMENT.
OFR-00829,REQ-0166,SUP-001,254.80,16,17,3,true,true,FICTIONAL AND SYNTHETIC — FOR RESEARCH AND DEMONSTRATION ONLY. NOT A REAL PROCUREMENT RECORD OR DECISION. NO UAE GOVERNMENT COMMISSIONING OR ENDORSEMENT.
OFR-00830,REQ-0166,SUP-051,280.80,20,23,12,true,true,FICTIONAL AND SYNTHETIC — FOR RESEARCH AND DEMONSTRATION ONLY. NOT A REAL PROCUREMENT RECORD OR DECISION. NO UAE GOVERNMENT COMMISSIONING OR ENDORSEMENT.
OFR-00831,REQ-0167,SUP-062,1225.00,19,8,12,true,true,FICTIONAL AND SYNTHETIC — FOR RESEARCH AND DEMONSTRATION ONLY. NOT A REAL PROCUREMENT RECORD OR DECISION. NO UAE GOVERNMENT COMMISSIONING OR ENDORSEMENT.
OFR-00832,REQ-0167,SUP-042,1225.00,19,3,12,true,true,FICTIONAL AND SYNTHETIC — FOR RESEARCH AND DEMONSTRATION ONLY. NOT A REAL PROCUREMENT RECORD OR DECISION. NO UAE GOVERNMENT COMMISSIONING OR ENDORSEMENT.
OFR-00833,REQ-0167,SUP-098,1487.50,23,9,12,true,true,FICTIONAL AND SYNTHETIC — FOR RESEARCH AND DEMONSTRATION ONLY. NOT A REAL PROCUREMENT RECORD OR DECISION. NO UAE GOVERNMENT COMMISSIONING OR ENDORSEMENT.
OFR-00834,REQ-0167,SUP-057,1225.00,25,25,18,true,true,FICTIONAL AND SYNTHETIC — FOR RESEARCH AND DEMONSTRATION ONLY. NOT A REAL PROCUREMENT RECORD OR DECISION. NO UAE GOVERNMENT COMMISSIONING OR ENDORSEMENT.
OFR-00835,REQ-0167,SUP-012,1337.50,19,7,18,true,true,FICTIONAL AND SYNTHETIC — FOR RESEARCH AND DEMONSTRATION ONLY. NOT A REAL PROCUREMENT RECORD OR DECISION. NO UAE GOVERNMENT COMMISSIONING OR ENDORSEMENT.
OFR-00836,REQ-0168,SUP-061,1976.00,26,4,12,true,true,FICTIONAL AND SYNTHETIC — FOR RESEARCH AND DEMONSTRATION ONLY. NOT A REAL PROCUREMENT RECORD OR DECISION. NO UAE GOVERNMENT COMMISSIONING OR ENDORSEMENT.
OFR-00837,REQ-0168,SUP-063,1520.00,31,6,6,true,true,FICTIONAL AND SYNTHETIC — FOR RESEARCH AND DEMONSTRATION ONLY. NOT A REAL PROCUREMENT RECORD OR DECISION. NO UAE GOVERNMENT COMMISSIONING OR ENDORSEMENT.
OFR-00838,REQ-0168,SUP-088,2166.00,27,9,24,true,true,FICTIONAL AND SYNTHETIC — FOR RESEARCH AND DEMONSTRATION ONLY. NOT A REAL PROCUREMENT RECORD OR DECISION. NO UAE GOVERNMENT COMMISSIONING OR ENDORSEMENT.
OFR-00839,REQ-0168,SUP-050,2242.00,12,11,12,true,true,FICTIONAL AND SYNTHETIC — FOR RESEARCH AND DEMONSTRATION ONLY. NOT A REAL PROCUREMENT RECORD OR DECISION. NO UAE GOVERNMENT COMMISSIONING OR ENDORSEMENT.
OFR-00840,REQ-0168,SUP-092,2204.00,25,30,6,false,true,FICTIONAL AND SYNTHETIC — FOR RESEARCH AND DEMONSTRATION ONLY. NOT A REAL PROCUREMENT RECORD OR DECISION. NO UAE GOVERNMENT COMMISSIONING OR ENDORSEMENT.
OFR-00841,REQ-0169,SUP-038,15.12,1544,30,6,true,true,FICTIONAL AND SYNTHETIC — FOR RESEARCH AND DEMONSTRATION ONLY. NOT A REAL PROCUREMENT RECORD OR DECISION. NO UAE GOVERNMENT COMMISSIONING OR ENDORSEMENT.
OFR-00842,REQ-0169,SUP-054,16.80,1713,12,6,true,true,FICTIONAL AND SYNTHETIC — FOR RESEARCH AND DEMONSTRATION ONLY. NOT A REAL PROCUREMENT RECORD OR DECISION. NO UAE GOVERNMENT COMMISSIONING OR ENDORSEMENT.
OFR-00843,REQ-0169,SUP-020,15.82,1796,23,12,true,true,FICTIONAL AND SYNTHETIC — FOR RESEARCH AND DEMONSTRATION ONLY. NOT A REAL PROCUREMENT RECORD OR DECISION. NO UAE GOVERNMENT COMMISSIONING OR ENDORSEMENT.
OFR-00844,REQ-0169,SUP-008,13.72,1576,32,18,true,true,FICTIONAL AND SYNTHETIC — FOR RESEARCH AND DEMONSTRATION ONLY. NOT A REAL PROCUREMENT RECORD OR DECISION. NO UAE GOVERNMENT COMMISSIONING OR ENDORSEMENT.
OFR-00845,REQ-0169,SUP-009,12.88,1119,19,12,true,true,FICTIONAL AND SYNTHETIC — FOR RESEARCH AND DEMONSTRATION ONLY. NOT A REAL PROCUREMENT RECORD OR DECISION. NO UAE GOVERNMENT COMMISSIONING OR ENDORSEMENT.
OFR-00846,REQ-0170,SUP-085,61.75,287,1,12,true,true,FICTIONAL AND SYNTHETIC — FOR RESEARCH AND DEMONSTRATION ONLY. NOT A REAL PROCUREMENT RECORD OR DECISION. NO UAE GOVERNMENT COMMISSIONING OR ENDORSEMENT.
OFR-00847,REQ-0170,SUP-020,55.25,244,11,6,true,true,FICTIONAL AND SYNTHETIC — FOR RESEARCH AND DEMONSTRATION ONLY. NOT A REAL PROCUREMENT RECORD OR DECISION. NO UAE GOVERNMENT COMMISSIONING OR ENDORSEMENT.
OFR-00848,REQ-0170,SUP-025,70.85,232,11,24,true,true,FICTIONAL AND SYNTHETIC — FOR RESEARCH AND DEMONSTRATION ONLY. NOT A REAL PROCUREMENT RECORD OR DECISION. NO UAE GOVERNMENT COMMISSIONING OR ENDORSEMENT.
OFR-00849,REQ-0170,SUP-040,65.65,246,30,24,false,true,FICTIONAL AND SYNTHETIC — FOR RESEARCH AND DEMONSTRATION ONLY. NOT A REAL PROCUREMENT RECORD OR DECISION. NO UAE GOVERNMENT COMMISSIONING OR ENDORSEMENT.
OFR-00850,REQ-0170,SUP-080,67.60,125,8,3,true,true,FICTIONAL AND SYNTHETIC — FOR RESEARCH AND DEMONSTRATION ONLY. NOT A REAL PROCUREMENT RECORD OR DECISION. NO UAE GOVERNMENT COMMISSIONING OR ENDORSEMENT.
OFR-00851,REQ-0171,SUP-046,283.40,41,16,6,true,true,FICTIONAL AND SYNTHETIC — FOR RESEARCH AND DEMONSTRATION ONLY. NOT A REAL PROCUREMENT RECORD OR DECISION. NO UAE GOVERNMENT COMMISSIONING OR ENDORSEMENT.
OFR-00852,REQ-0171,SUP-016,213.20,52,44,18,true,true,FICTIONAL AND SYNTHETIC — FOR RESEARCH AND DEMONSTRATION ONLY. NOT A REAL PROCUREMENT RECORD OR DECISION. NO UAE GOVERNMENT COMMISSIONING OR ENDORSEMENT.
OFR-00853,REQ-0171,SUP-054,236.60,46,40,18,true,true,FICTIONAL AND SYNTHETIC — FOR RESEARCH AND DEMONSTRATION ONLY. NOT A REAL PROCUREMENT RECORD OR DECISION. NO UAE GOVERNMENT COMMISSIONING OR ENDORSEMENT.
OFR-00854,REQ-0171,SUP-086,210.60,49,62,3,true,true,FICTIONAL AND SYNTHETIC — FOR RESEARCH AND DEMONSTRATION ONLY. NOT A REAL PROCUREMENT RECORD OR DECISION. NO UAE GOVERNMENT COMMISSIONING OR ENDORSEMENT.
OFR-00855,REQ-0171,SUP-084,262.60,32,25,24,true,true,FICTIONAL AND SYNTHETIC — FOR RESEARCH AND DEMONSTRATION ONLY. NOT A REAL PROCUREMENT RECORD OR DECISION. NO UAE GOVERNMENT COMMISSIONING OR ENDORSEMENT.
OFR-00856,REQ-0172,SUP-001,1087.50,34,25,18,true,true,FICTIONAL AND SYNTHETIC — FOR RESEARCH AND DEMONSTRATION ONLY. NOT A REAL PROCUREMENT RECORD OR DECISION. NO UAE GOVERNMENT COMMISSIONING OR ENDORSEMENT.
OFR-00857,REQ-0172,SUP-067,1100.00,29,2,18,true,true,FICTIONAL AND SYNTHETIC — FOR RESEARCH AND DEMONSTRATION ONLY. NOT A REAL PROCUREMENT RECORD OR DECISION. NO UAE GOVERNMENT COMMISSIONING OR ENDORSEMENT.
OFR-00858,REQ-0172,SUP-075,1050.00,37,42,3,true,true,FICTIONAL AND SYNTHETIC — FOR RESEARCH AND DEMONSTRATION ONLY. NOT A REAL PROCUREMENT RECORD OR DECISION. NO UAE GOVERNMENT COMMISSIONING OR ENDORSEMENT.
OFR-00859,REQ-0172,SUP-094,1462.50,32,29,24,false,true,FICTIONAL AND SYNTHETIC — FOR RESEARCH AND DEMONSTRATION ONLY. NOT A REAL PROCUREMENT RECORD OR DECISION. NO UAE GOVERNMENT COMMISSIONING OR ENDORSEMENT.
OFR-00860,REQ-0172,SUP-073,1500.00,26,28,12,false,true,FICTIONAL AND SYNTHETIC — FOR RESEARCH AND DEMONSTRATION ONLY. NOT A REAL PROCUREMENT RECORD OR DECISION. NO UAE GOVERNMENT COMMISSIONING OR ENDORSEMENT.
OFR-00861,REQ-0173,SUP-047,1976.00,8,10,12,true,true,FICTIONAL AND SYNTHETIC — FOR RESEARCH AND DEMONSTRATION ONLY. NOT A REAL PROCUREMENT RECORD OR DECISION. NO UAE GOVERNMENT COMMISSIONING OR ENDORSEMENT.
OFR-00862,REQ-0173,SUP-072,1748.00,9,27,12,true,true,FICTIONAL AND SYNTHETIC — FOR RESEARCH AND DEMONSTRATION ONLY. NOT A REAL PROCUREMENT RECORD OR DECISION. NO UAE GOVERNMENT COMMISSIONING OR ENDORSEMENT.
OFR-00863,REQ-0173,SUP-025,2166.00,12,25,12,true,true,FICTIONAL AND SYNTHETIC — FOR RESEARCH AND DEMONSTRATION ONLY. NOT A REAL PROCUREMENT RECORD OR DECISION. NO UAE GOVERNMENT COMMISSIONING OR ENDORSEMENT.
OFR-00864,REQ-0173,SUP-092,1786.00,8,25,18,false,true,FICTIONAL AND SYNTHETIC — FOR RESEARCH AND DEMONSTRATION ONLY. NOT A REAL PROCUREMENT RECORD OR DECISION. NO UAE GOVERNMENT COMMISSIONING OR ENDORSEMENT.
OFR-00865,REQ-0173,SUP-058,2147.00,8,52,6,true,true,FICTIONAL AND SYNTHETIC — FOR RESEARCH AND DEMONSTRATION ONLY. NOT A REAL PROCUREMENT RECORD OR DECISION. NO UAE GOVERNMENT COMMISSIONING OR ENDORSEMENT.
OFR-00866,REQ-0174,SUP-079,14.56,2115,5,6,true,true,FICTIONAL AND SYNTHETIC — FOR RESEARCH AND DEMONSTRATION ONLY. NOT A REAL PROCUREMENT RECORD OR DECISION. NO UAE GOVERNMENT COMMISSIONING OR ENDORSEMENT.
OFR-00867,REQ-0174,SUP-071,16.80,1483,7,12,true,true,FICTIONAL AND SYNTHETIC — FOR RESEARCH AND DEMONSTRATION ONLY. NOT A REAL PROCUREMENT RECORD OR DECISION. NO UAE GOVERNMENT COMMISSIONING OR ENDORSEMENT.
OFR-00868,REQ-0174,SUP-023,11.48,1557,6,24,true,true,FICTIONAL AND SYNTHETIC — FOR RESEARCH AND DEMONSTRATION ONLY. NOT A REAL PROCUREMENT RECORD OR DECISION. NO UAE GOVERNMENT COMMISSIONING OR ENDORSEMENT.
OFR-00869,REQ-0174,SUP-054,11.76,1424,15,12,true,true,FICTIONAL AND SYNTHETIC — FOR RESEARCH AND DEMONSTRATION ONLY. NOT A REAL PROCUREMENT RECORD OR DECISION. NO UAE GOVERNMENT COMMISSIONING OR ENDORSEMENT.
OFR-00870,REQ-0174,SUP-083,13.72,1546,34,12,true,true,FICTIONAL AND SYNTHETIC — FOR RESEARCH AND DEMONSTRATION ONLY. NOT A REAL PROCUREMENT RECORD OR DECISION. NO UAE GOVERNMENT COMMISSIONING OR ENDORSEMENT.
OFR-00871,REQ-0175,SUP-045,63.70,167,26,3,true,true,FICTIONAL AND SYNTHETIC — FOR RESEARCH AND DEMONSTRATION ONLY. NOT A REAL PROCUREMENT RECORD OR DECISION. NO UAE GOVERNMENT COMMISSIONING OR ENDORSEMENT.
OFR-00872,REQ-0175,SUP-006,53.30,195,17,12,true,true,FICTIONAL AND SYNTHETIC — FOR RESEARCH AND DEMONSTRATION ONLY. NOT A REAL PROCUREMENT RECORD OR DECISION. NO UAE GOVERNMENT COMMISSIONING OR ENDORSEMENT.
OFR-00873,REQ-0175,SUP-041,53.95,166,22,18,true,true,FICTIONAL AND SYNTHETIC — FOR RESEARCH AND DEMONSTRATION ONLY. NOT A REAL PROCUREMENT RECORD OR DECISION. NO UAE GOVERNMENT COMMISSIONING OR ENDORSEMENT.
OFR-00874,REQ-0175,SUP-049,65.00,109,10,24,true,true,FICTIONAL AND SYNTHETIC — FOR RESEARCH AND DEMONSTRATION ONLY. NOT A REAL PROCUREMENT RECORD OR DECISION. NO UAE GOVERNMENT COMMISSIONING OR ENDORSEMENT.
OFR-00875,REQ-0175,SUP-035,76.70,114,36,6,true,true,FICTIONAL AND SYNTHETIC — FOR RESEARCH AND DEMONSTRATION ONLY. NOT A REAL PROCUREMENT RECORD OR DECISION. NO UAE GOVERNMENT COMMISSIONING OR ENDORSEMENT.
OFR-00876,REQ-0176,SUP-016,210.60,49,34,3,true,true,FICTIONAL AND SYNTHETIC — FOR RESEARCH AND DEMONSTRATION ONLY. NOT A REAL PROCUREMENT RECORD OR DECISION. NO UAE GOVERNMENT COMMISSIONING OR ENDORSEMENT.
OFR-00877,REQ-0176,SUP-100,273.00,44,14,3,true,true,FICTIONAL AND SYNTHETIC — FOR RESEARCH AND DEMONSTRATION ONLY. NOT A REAL PROCUREMENT RECORD OR DECISION. NO UAE GOVERNMENT COMMISSIONING OR ENDORSEMENT.
OFR-00878,REQ-0176,SUP-028,244.40,45,60,6,true,true,FICTIONAL AND SYNTHETIC — FOR RESEARCH AND DEMONSTRATION ONLY. NOT A REAL PROCUREMENT RECORD OR DECISION. NO UAE GOVERNMENT COMMISSIONING OR ENDORSEMENT.
OFR-00879,REQ-0176,SUP-021,262.60,36,26,24,true,true,FICTIONAL AND SYNTHETIC — FOR RESEARCH AND DEMONSTRATION ONLY. NOT A REAL PROCUREMENT RECORD OR DECISION. NO UAE GOVERNMENT COMMISSIONING OR ENDORSEMENT.
OFR-00880,REQ-0176,SUP-001,208.00,25,45,18,true,true,FICTIONAL AND SYNTHETIC — FOR RESEARCH AND DEMONSTRATION ONLY. NOT A REAL PROCUREMENT RECORD OR DECISION. NO UAE GOVERNMENT COMMISSIONING OR ENDORSEMENT.
OFR-00881,REQ-0177,SUP-007,1025.00,39,25,3,true,true,FICTIONAL AND SYNTHETIC — FOR RESEARCH AND DEMONSTRATION ONLY. NOT A REAL PROCUREMENT RECORD OR DECISION. NO UAE GOVERNMENT COMMISSIONING OR ENDORSEMENT.
OFR-00882,REQ-0177,SUP-026,1375.00,44,23,12,true,true,FICTIONAL AND SYNTHETIC — FOR RESEARCH AND DEMONSTRATION ONLY. NOT A REAL PROCUREMENT RECORD OR DECISION. NO UAE GOVERNMENT COMMISSIONING OR ENDORSEMENT.
OFR-00883,REQ-0177,SUP-047,1000.00,33,5,3,true,true,FICTIONAL AND SYNTHETIC — FOR RESEARCH AND DEMONSTRATION ONLY. NOT A REAL PROCUREMENT RECORD OR DECISION. NO UAE GOVERNMENT COMMISSIONING OR ENDORSEMENT.
OFR-00884,REQ-0177,SUP-075,1050.00,27,5,18,true,true,FICTIONAL AND SYNTHETIC — FOR RESEARCH AND DEMONSTRATION ONLY. NOT A REAL PROCUREMENT RECORD OR DECISION. NO UAE GOVERNMENT COMMISSIONING OR ENDORSEMENT.
OFR-00885,REQ-0177,SUP-015,1162.50,34,5,6,false,true,FICTIONAL AND SYNTHETIC — FOR RESEARCH AND DEMONSTRATION ONLY. NOT A REAL PROCUREMENT RECORD OR DECISION. NO UAE GOVERNMENT COMMISSIONING OR ENDORSEMENT.
OFR-00886,REQ-0178,SUP-023,1748.00,37,24,24,true,true,FICTIONAL AND SYNTHETIC — FOR RESEARCH AND DEMONSTRATION ONLY. NOT A REAL PROCUREMENT RECORD OR DECISION. NO UAE GOVERNMENT COMMISSIONING OR ENDORSEMENT.
OFR-00887,REQ-0178,SUP-083,1577.00,34,34,18,true,true,FICTIONAL AND SYNTHETIC — FOR RESEARCH AND DEMONSTRATION ONLY. NOT A REAL PROCUREMENT RECORD OR DECISION. NO UAE GOVERNMENT COMMISSIONING OR ENDORSEMENT.
OFR-00888,REQ-0178,SUP-092,1938.00,31,7,3,true,true,FICTIONAL AND SYNTHETIC — FOR RESEARCH AND DEMONSTRATION ONLY. NOT A REAL PROCUREMENT RECORD OR DECISION. NO UAE GOVERNMENT COMMISSIONING OR ENDORSEMENT.
OFR-00889,REQ-0178,SUP-059,1748.00,32,63,12,false,true,FICTIONAL AND SYNTHETIC — FOR RESEARCH AND DEMONSTRATION ONLY. NOT A REAL PROCUREMENT RECORD OR DECISION. NO UAE GOVERNMENT COMMISSIONING OR ENDORSEMENT.
OFR-00890,REQ-0178,SUP-052,1615.00,22,50,6,false,true,FICTIONAL AND SYNTHETIC — FOR RESEARCH AND DEMONSTRATION ONLY. NOT A REAL PROCUREMENT RECORD OR DECISION. NO UAE GOVERNMENT COMMISSIONING OR ENDORSEMENT.
OFR-00891,REQ-0179,SUP-009,11.48,1191,20,12,true,true,FICTIONAL AND SYNTHETIC — FOR RESEARCH AND DEMONSTRATION ONLY. NOT A REAL PROCUREMENT RECORD OR DECISION. NO UAE GOVERNMENT COMMISSIONING OR ENDORSEMENT.
OFR-00892,REQ-0179,SUP-064,14.56,1259,24,12,true,true,FICTIONAL AND SYNTHETIC — FOR RESEARCH AND DEMONSTRATION ONLY. NOT A REAL PROCUREMENT RECORD OR DECISION. NO UAE GOVERNMENT COMMISSIONING OR ENDORSEMENT.
OFR-00893,REQ-0179,SUP-001,11.20,1609,18,12,true,true,FICTIONAL AND SYNTHETIC — FOR RESEARCH AND DEMONSTRATION ONLY. NOT A REAL PROCUREMENT RECORD OR DECISION. NO UAE GOVERNMENT COMMISSIONING OR ENDORSEMENT.
OFR-00894,REQ-0179,SUP-099,12.60,1278,22,6,true,true,FICTIONAL AND SYNTHETIC — FOR RESEARCH AND DEMONSTRATION ONLY. NOT A REAL PROCUREMENT RECORD OR DECISION. NO UAE GOVERNMENT COMMISSIONING OR ENDORSEMENT.
OFR-00895,REQ-0179,SUP-071,15.12,709,11,12,true,true,FICTIONAL AND SYNTHETIC — FOR RESEARCH AND DEMONSTRATION ONLY. NOT A REAL PROCUREMENT RECORD OR DECISION. NO UAE GOVERNMENT COMMISSIONING OR ENDORSEMENT.
OFR-00896,REQ-0180,SUP-035,63.70,451,3,3,true,true,FICTIONAL AND SYNTHETIC — FOR RESEARCH AND DEMONSTRATION ONLY. NOT A REAL PROCUREMENT RECORD OR DECISION. NO UAE GOVERNMENT COMMISSIONING OR ENDORSEMENT.
OFR-00897,REQ-0180,SUP-049,68.25,373,11,18,true,true,FICTIONAL AND SYNTHETIC — FOR RESEARCH AND DEMONSTRATION ONLY. NOT A REAL PROCUREMENT RECORD OR DECISION. NO UAE GOVERNMENT COMMISSIONING OR ENDORSEMENT.
OFR-00898,REQ-0180,SUP-100,65.00,463,6,18,true,true,FICTIONAL AND SYNTHETIC — FOR RESEARCH AND DEMONSTRATION ONLY. NOT A REAL PROCUREMENT RECORD OR DECISION. NO UAE GOVERNMENT COMMISSIONING OR ENDORSEMENT.
OFR-00899,REQ-0180,SUP-055,60.45,383,16,12,false,true,FICTIONAL AND SYNTHETIC — FOR RESEARCH AND DEMONSTRATION ONLY. NOT A REAL PROCUREMENT RECORD OR DECISION. NO UAE GOVERNMENT COMMISSIONING OR ENDORSEMENT.
OFR-00900,REQ-0180,SUP-045,66.30,425,21,12,true,true,FICTIONAL AND SYNTHETIC — FOR RESEARCH AND DEMONSTRATION ONLY. NOT A REAL PROCUREMENT RECORD OR DECISION. NO UAE GOVERNMENT COMMISSIONING OR ENDORSEMENT.
OFR-00901,REQ-0181,SUP-049,231.40,48,6,6,true,true,FICTIONAL AND SYNTHETIC — FOR RESEARCH AND DEMONSTRATION ONLY. NOT A REAL PROCUREMENT RECORD OR DECISION. NO UAE GOVERNMENT COMMISSIONING OR ENDORSEMENT.
OFR-00902,REQ-0181,SUP-086,273.00,43,5,12,true,true,FICTIONAL AND SYNTHETIC — FOR RESEARCH AND DEMONSTRATION ONLY. NOT A REAL PROCUREMENT RECORD OR DECISION. NO UAE GOVERNMENT COMMISSIONING OR ENDORSEMENT.
OFR-00903,REQ-0181,SUP-075,208.00,56,9,18,true,true,FICTIONAL AND SYNTHETIC — FOR RESEARCH AND DEMONSTRATION ONLY. NOT A REAL PROCUREMENT RECORD OR DECISION. NO UAE GOVERNMENT COMMISSIONING OR ENDORSEMENT.
OFR-00904,REQ-0181,SUP-074,249.60,45,7,6,false,true,FICTIONAL AND SYNTHETIC — FOR RESEARCH AND DEMONSTRATION ONLY. NOT A REAL PROCUREMENT RECORD OR DECISION. NO UAE GOVERNMENT COMMISSIONING OR ENDORSEMENT.
OFR-00905,REQ-0181,SUP-021,299.00,46,11,12,true,true,FICTIONAL AND SYNTHETIC — FOR RESEARCH AND DEMONSTRATION ONLY. NOT A REAL PROCUREMENT RECORD OR DECISION. NO UAE GOVERNMENT COMMISSIONING OR ENDORSEMENT.
OFR-00906,REQ-0182,SUP-036,1325.00,3,3,24,true,true,FICTIONAL AND SYNTHETIC — FOR RESEARCH AND DEMONSTRATION ONLY. NOT A REAL PROCUREMENT RECORD OR DECISION. NO UAE GOVERNMENT COMMISSIONING OR ENDORSEMENT.
OFR-00907,REQ-0182,SUP-087,1287.50,2,6,24,true,true,FICTIONAL AND SYNTHETIC — FOR RESEARCH AND DEMONSTRATION ONLY. NOT A REAL PROCUREMENT RECORD OR DECISION. NO UAE GOVERNMENT COMMISSIONING OR ENDORSEMENT.
OFR-00908,REQ-0182,SUP-052,1275.00,3,10,18,true,true,FICTIONAL AND SYNTHETIC — FOR RESEARCH AND DEMONSTRATION ONLY. NOT A REAL PROCUREMENT RECORD OR DECISION. NO UAE GOVERNMENT COMMISSIONING OR ENDORSEMENT.
OFR-00909,REQ-0182,SUP-034,1437.50,2,2,24,false,true,FICTIONAL AND SYNTHETIC — FOR RESEARCH AND DEMONSTRATION ONLY. NOT A REAL PROCUREMENT RECORD OR DECISION. NO UAE GOVERNMENT COMMISSIONING OR ENDORSEMENT.
OFR-00910,REQ-0182,SUP-001,1200.00,2,19,18,true,true,FICTIONAL AND SYNTHETIC — FOR RESEARCH AND DEMONSTRATION ONLY. NOT A REAL PROCUREMENT RECORD OR DECISION. NO UAE GOVERNMENT COMMISSIONING OR ENDORSEMENT.
OFR-00911,REQ-0183,SUP-008,1672.00,19,2,3,true,true,FICTIONAL AND SYNTHETIC — FOR RESEARCH AND DEMONSTRATION ONLY. NOT A REAL PROCUREMENT RECORD OR DECISION. NO UAE GOVERNMENT COMMISSIONING OR ENDORSEMENT.
OFR-00912,REQ-0183,SUP-003,1919.00,21,2,3,true,true,FICTIONAL AND SYNTHETIC — FOR RESEARCH AND DEMONSTRATION ONLY. NOT A REAL PROCUREMENT RECORD OR DECISION. NO UAE GOVERNMENT COMMISSIONING OR ENDORSEMENT.
OFR-00913,REQ-0183,SUP-082,1995.00,19,7,24,true,true,FICTIONAL AND SYNTHETIC — FOR RESEARCH AND DEMONSTRATION ONLY. NOT A REAL PROCUREMENT RECORD OR DECISION. NO UAE GOVERNMENT COMMISSIONING OR ENDORSEMENT.
OFR-00914,REQ-0183,SUP-027,1805.00,21,3,18,true,true,FICTIONAL AND SYNTHETIC — FOR RESEARCH AND DEMONSTRATION ONLY. NOT A REAL PROCUREMENT RECORD OR DECISION. NO UAE GOVERNMENT COMMISSIONING OR ENDORSEMENT.
OFR-00915,REQ-0183,SUP-043,2109.00,14,16,24,true,true,FICTIONAL AND SYNTHETIC — FOR RESEARCH AND DEMONSTRATION ONLY. NOT A REAL PROCUREMENT RECORD OR DECISION. NO UAE GOVERNMENT COMMISSIONING OR ENDORSEMENT.
OFR-00916,REQ-0184,SUP-100,16.66,1045,53,24,true,true,FICTIONAL AND SYNTHETIC — FOR RESEARCH AND DEMONSTRATION ONLY. NOT A REAL PROCUREMENT RECORD OR DECISION. NO UAE GOVERNMENT COMMISSIONING OR ENDORSEMENT.
OFR-00917,REQ-0184,SUP-099,12.74,1369,2,3,true,true,FICTIONAL AND SYNTHETIC — FOR RESEARCH AND DEMONSTRATION ONLY. NOT A REAL PROCUREMENT RECORD OR DECISION. NO UAE GOVERNMENT COMMISSIONING OR ENDORSEMENT.
OFR-00918,REQ-0184,SUP-096,16.80,1320,16,3,true,true,FICTIONAL AND SYNTHETIC — FOR RESEARCH AND DEMONSTRATION ONLY. NOT A REAL PROCUREMENT RECORD OR DECISION. NO UAE GOVERNMENT COMMISSIONING OR ENDORSEMENT.
OFR-00919,REQ-0184,SUP-060,11.48,1217,74,12,true,true,FICTIONAL AND SYNTHETIC — FOR RESEARCH AND DEMONSTRATION ONLY. NOT A REAL PROCUREMENT RECORD OR DECISION. NO UAE GOVERNMENT COMMISSIONING OR ENDORSEMENT.
OFR-00920,REQ-0184,SUP-024,14.98,982,74,6,true,true,FICTIONAL AND SYNTHETIC — FOR RESEARCH AND DEMONSTRATION ONLY. NOT A REAL PROCUREMENT RECORD OR DECISION. NO UAE GOVERNMENT COMMISSIONING OR ENDORSEMENT.
OFR-00921,REQ-0185,SUP-060,76.70,270,34,3,true,true,FICTIONAL AND SYNTHETIC — FOR RESEARCH AND DEMONSTRATION ONLY. NOT A REAL PROCUREMENT RECORD OR DECISION. NO UAE GOVERNMENT COMMISSIONING OR ENDORSEMENT.
OFR-00922,REQ-0185,SUP-100,72.15,272,37,18,true,true,FICTIONAL AND SYNTHETIC — FOR RESEARCH AND DEMONSTRATION ONLY. NOT A REAL PROCUREMENT RECORD OR DECISION. NO UAE GOVERNMENT COMMISSIONING OR ENDORSEMENT.
OFR-00923,REQ-0185,SUP-005,74.75,342,36,12,true,true,FICTIONAL AND SYNTHETIC — FOR RESEARCH AND DEMONSTRATION ONLY. NOT A REAL PROCUREMENT RECORD OR DECISION. NO UAE GOVERNMENT COMMISSIONING OR ENDORSEMENT.
OFR-00924,REQ-0185,SUP-041,66.95,143,67,3,true,true,FICTIONAL AND SYNTHETIC — FOR RESEARCH AND DEMONSTRATION ONLY. NOT A REAL PROCUREMENT RECORD OR DECISION. NO UAE GOVERNMENT COMMISSIONING OR ENDORSEMENT.
OFR-00925,REQ-0185,SUP-040,67.60,187,63,12,true,true,FICTIONAL AND SYNTHETIC — FOR RESEARCH AND DEMONSTRATION ONLY. NOT A REAL PROCUREMENT RECORD OR DECISION. NO UAE GOVERNMENT COMMISSIONING OR ENDORSEMENT.
OFR-00926,REQ-0186,SUP-014,260.00,15,10,12,true,true,FICTIONAL AND SYNTHETIC — FOR RESEARCH AND DEMONSTRATION ONLY. NOT A REAL PROCUREMENT RECORD OR DECISION. NO UAE GOVERNMENT COMMISSIONING OR ENDORSEMENT.
OFR-00927,REQ-0186,SUP-086,312.00,13,56,6,true,true,FICTIONAL AND SYNTHETIC — FOR RESEARCH AND DEMONSTRATION ONLY. NOT A REAL PROCUREMENT RECORD OR DECISION. NO UAE GOVERNMENT COMMISSIONING OR ENDORSEMENT.
OFR-00928,REQ-0186,SUP-091,301.60,15,3,12,true,true,FICTIONAL AND SYNTHETIC — FOR RESEARCH AND DEMONSTRATION ONLY. NOT A REAL PROCUREMENT RECORD OR DECISION. NO UAE GOVERNMENT COMMISSIONING OR ENDORSEMENT.
OFR-00929,REQ-0186,SUP-084,293.80,13,12,18,true,true,FICTIONAL AND SYNTHETIC — FOR RESEARCH AND DEMONSTRATION ONLY. NOT A REAL PROCUREMENT RECORD OR DECISION. NO UAE GOVERNMENT COMMISSIONING OR ENDORSEMENT.
OFR-00930,REQ-0186,SUP-056,283.40,10,33,12,true,true,FICTIONAL AND SYNTHETIC — FOR RESEARCH AND DEMONSTRATION ONLY. NOT A REAL PROCUREMENT RECORD OR DECISION. NO UAE GOVERNMENT COMMISSIONING OR ENDORSEMENT.
OFR-00931,REQ-0187,SUP-067,1275.00,5,18,3,true,true,FICTIONAL AND SYNTHETIC — FOR RESEARCH AND DEMONSTRATION ONLY. NOT A REAL PROCUREMENT RECORD OR DECISION. NO UAE GOVERNMENT COMMISSIONING OR ENDORSEMENT.
OFR-00932,REQ-0187,SUP-072,1050.00,5,41,24,true,true,FICTIONAL AND SYNTHETIC — FOR RESEARCH AND DEMONSTRATION ONLY. NOT A REAL PROCUREMENT RECORD OR DECISION. NO UAE GOVERNMENT COMMISSIONING OR ENDORSEMENT.
OFR-00933,REQ-0187,SUP-093,1287.50,5,44,3,true,true,FICTIONAL AND SYNTHETIC — FOR RESEARCH AND DEMONSTRATION ONLY. NOT A REAL PROCUREMENT RECORD OR DECISION. NO UAE GOVERNMENT COMMISSIONING OR ENDORSEMENT.
OFR-00934,REQ-0187,SUP-026,1262.50,6,54,18,true,true,FICTIONAL AND SYNTHETIC — FOR RESEARCH AND DEMONSTRATION ONLY. NOT A REAL PROCUREMENT RECORD OR DECISION. NO UAE GOVERNMENT COMMISSIONING OR ENDORSEMENT.
OFR-00935,REQ-0187,SUP-036,1162.50,6,4,6,true,true,FICTIONAL AND SYNTHETIC — FOR RESEARCH AND DEMONSTRATION ONLY. NOT A REAL PROCUREMENT RECORD OR DECISION. NO UAE GOVERNMENT COMMISSIONING OR ENDORSEMENT.
OFR-00936,REQ-0188,SUP-031,2185.00,14,46,18,true,true,FICTIONAL AND SYNTHETIC — FOR RESEARCH AND DEMONSTRATION ONLY. NOT A REAL PROCUREMENT RECORD OR DECISION. NO UAE GOVERNMENT COMMISSIONING OR ENDORSEMENT.
OFR-00937,REQ-0188,SUP-023,1615.00,12,11,18,true,true,FICTIONAL AND SYNTHETIC — FOR RESEARCH AND DEMONSTRATION ONLY. NOT A REAL PROCUREMENT RECORD OR DECISION. NO UAE GOVERNMENT COMMISSIONING OR ENDORSEMENT.
OFR-00938,REQ-0188,SUP-034,1881.00,14,15,3,true,true,FICTIONAL AND SYNTHETIC — FOR RESEARCH AND DEMONSTRATION ONLY. NOT A REAL PROCUREMENT RECORD OR DECISION. NO UAE GOVERNMENT COMMISSIONING OR ENDORSEMENT.
OFR-00939,REQ-0188,SUP-080,2166.00,13,45,18,true,true,FICTIONAL AND SYNTHETIC — FOR RESEARCH AND DEMONSTRATION ONLY. NOT A REAL PROCUREMENT RECORD OR DECISION. NO UAE GOVERNMENT COMMISSIONING OR ENDORSEMENT.
OFR-00940,REQ-0188,SUP-014,1520.00,13,39,24,true,true,FICTIONAL AND SYNTHETIC — FOR RESEARCH AND DEMONSTRATION ONLY. NOT A REAL PROCUREMENT RECORD OR DECISION. NO UAE GOVERNMENT COMMISSIONING OR ENDORSEMENT.
OFR-00941,REQ-0189,SUP-069,13.58,830,15,12,true,true,FICTIONAL AND SYNTHETIC — FOR RESEARCH AND DEMONSTRATION ONLY. NOT A REAL PROCUREMENT RECORD OR DECISION. NO UAE GOVERNMENT COMMISSIONING OR ENDORSEMENT.
OFR-00942,REQ-0189,SUP-096,15.68,931,23,3,true,true,FICTIONAL AND SYNTHETIC — FOR RESEARCH AND DEMONSTRATION ONLY. NOT A REAL PROCUREMENT RECORD OR DECISION. NO UAE GOVERNMENT COMMISSIONING OR ENDORSEMENT.
OFR-00943,REQ-0189,SUP-088,13.58,1085,17,3,true,true,FICTIONAL AND SYNTHETIC — FOR RESEARCH AND DEMONSTRATION ONLY. NOT A REAL PROCUREMENT RECORD OR DECISION. NO UAE GOVERNMENT COMMISSIONING OR ENDORSEMENT.
OFR-00944,REQ-0189,SUP-094,13.72,511,51,24,true,true,FICTIONAL AND SYNTHETIC — FOR RESEARCH AND DEMONSTRATION ONLY. NOT A REAL PROCUREMENT RECORD OR DECISION. NO UAE GOVERNMENT COMMISSIONING OR ENDORSEMENT.
OFR-00945,REQ-0189,SUP-013,11.20,466,8,6,true,true,FICTIONAL AND SYNTHETIC — FOR RESEARCH AND DEMONSTRATION ONLY. NOT A REAL PROCUREMENT RECORD OR DECISION. NO UAE GOVERNMENT COMMISSIONING OR ENDORSEMENT.
OFR-00946,REQ-0190,SUP-090,68.90,400,31,12,true,true,FICTIONAL AND SYNTHETIC — FOR RESEARCH AND DEMONSTRATION ONLY. NOT A REAL PROCUREMENT RECORD OR DECISION. NO UAE GOVERNMENT COMMISSIONING OR ENDORSEMENT.
OFR-00947,REQ-0190,SUP-021,60.45,462,10,3,true,true,FICTIONAL AND SYNTHETIC — FOR RESEARCH AND DEMONSTRATION ONLY. NOT A REAL PROCUREMENT RECORD OR DECISION. NO UAE GOVERNMENT COMMISSIONING OR ENDORSEMENT.
OFR-00948,REQ-0190,SUP-045,55.90,384,31,12,true,true,FICTIONAL AND SYNTHETIC — FOR RESEARCH AND DEMONSTRATION ONLY. NOT A REAL PROCUREMENT RECORD OR DECISION. NO UAE GOVERNMENT COMMISSIONING OR ENDORSEMENT.
OFR-00949,REQ-0190,SUP-071,75.40,179,76,6,false,true,FICTIONAL AND SYNTHETIC — FOR RESEARCH AND DEMONSTRATION ONLY. NOT A REAL PROCUREMENT RECORD OR DECISION. NO UAE GOVERNMENT COMMISSIONING OR ENDORSEMENT.
OFR-00950,REQ-0190,SUP-015,53.95,341,70,3,true,true,FICTIONAL AND SYNTHETIC — FOR RESEARCH AND DEMONSTRATION ONLY. NOT A REAL PROCUREMENT RECORD OR DECISION. NO UAE GOVERNMENT COMMISSIONING OR ENDORSEMENT.
OFR-00951,REQ-0191,SUP-013,301.60,82,13,24,true,true,FICTIONAL AND SYNTHETIC — FOR RESEARCH AND DEMONSTRATION ONLY. NOT A REAL PROCUREMENT RECORD OR DECISION. NO UAE GOVERNMENT COMMISSIONING OR ENDORSEMENT.
OFR-00952,REQ-0191,SUP-069,226.20,62,42,3,true,true,FICTIONAL AND SYNTHETIC — FOR RESEARCH AND DEMONSTRATION ONLY. NOT A REAL PROCUREMENT RECORD OR DECISION. NO UAE GOVERNMENT COMMISSIONING OR ENDORSEMENT.
OFR-00953,REQ-0191,SUP-096,306.80,64,51,18,true,true,FICTIONAL AND SYNTHETIC — FOR RESEARCH AND DEMONSTRATION ONLY. NOT A REAL PROCUREMENT RECORD OR DECISION. NO UAE GOVERNMENT COMMISSIONING OR ENDORSEMENT.
OFR-00954,REQ-0191,SUP-071,257.40,31,12,18,true,true,FICTIONAL AND SYNTHETIC — FOR RESEARCH AND DEMONSTRATION ONLY. NOT A REAL PROCUREMENT RECORD OR DECISION. NO UAE GOVERNMENT COMMISSIONING OR ENDORSEMENT.
OFR-00955,REQ-0191,SUP-031,241.80,33,2,18,true,true,FICTIONAL AND SYNTHETIC — FOR RESEARCH AND DEMONSTRATION ONLY. NOT A REAL PROCUREMENT RECORD OR DECISION. NO UAE GOVERNMENT COMMISSIONING OR ENDORSEMENT.
OFR-00956,REQ-0192,SUP-032,1300.00,17,45,12,true,true,FICTIONAL AND SYNTHETIC — FOR RESEARCH AND DEMONSTRATION ONLY. NOT A REAL PROCUREMENT RECORD OR DECISION. NO UAE GOVERNMENT COMMISSIONING OR ENDORSEMENT.
OFR-00957,REQ-0192,SUP-096,1175.00,17,17,6,true,true,FICTIONAL AND SYNTHETIC — FOR RESEARCH AND DEMONSTRATION ONLY. NOT A REAL PROCUREMENT RECORD OR DECISION. NO UAE GOVERNMENT COMMISSIONING OR ENDORSEMENT.
OFR-00958,REQ-0192,SUP-038,1175.00,21,3,18,true,true,FICTIONAL AND SYNTHETIC — FOR RESEARCH AND DEMONSTRATION ONLY. NOT A REAL PROCUREMENT RECORD OR DECISION. NO UAE GOVERNMENT COMMISSIONING OR ENDORSEMENT.
OFR-00959,REQ-0192,SUP-052,1025.00,10,44,6,true,true,FICTIONAL AND SYNTHETIC — FOR RESEARCH AND DEMONSTRATION ONLY. NOT A REAL PROCUREMENT RECORD OR DECISION. NO UAE GOVERNMENT COMMISSIONING OR ENDORSEMENT.
OFR-00960,REQ-0192,SUP-093,1062.50,21,7,6,false,true,FICTIONAL AND SYNTHETIC — FOR RESEARCH AND DEMONSTRATION ONLY. NOT A REAL PROCUREMENT RECORD OR DECISION. NO UAE GOVERNMENT COMMISSIONING OR ENDORSEMENT.
OFR-00961,REQ-0193,SUP-059,1672.00,24,2,3,true,true,FICTIONAL AND SYNTHETIC — FOR RESEARCH AND DEMONSTRATION ONLY. NOT A REAL PROCUREMENT RECORD OR DECISION. NO UAE GOVERNMENT COMMISSIONING OR ENDORSEMENT.
OFR-00962,REQ-0193,SUP-023,1634.00,22,6,18,true,true,FICTIONAL AND SYNTHETIC — FOR RESEARCH AND DEMONSTRATION ONLY. NOT A REAL PROCUREMENT RECORD OR DECISION. NO UAE GOVERNMENT COMMISSIONING OR ENDORSEMENT.
OFR-00963,REQ-0193,SUP-058,2242.00,28,9,18,true,true,FICTIONAL AND SYNTHETIC — FOR RESEARCH AND DEMONSTRATION ONLY. NOT A REAL PROCUREMENT RECORD OR DECISION. NO UAE GOVERNMENT COMMISSIONING OR ENDORSEMENT.
OFR-00964,REQ-0193,SUP-073,2014.00,18,17,24,true,true,FICTIONAL AND SYNTHETIC — FOR RESEARCH AND DEMONSTRATION ONLY. NOT A REAL PROCUREMENT RECORD OR DECISION. NO UAE GOVERNMENT COMMISSIONING OR ENDORSEMENT.
OFR-00965,REQ-0193,SUP-015,1824.00,23,7,6,false,true,FICTIONAL AND SYNTHETIC — FOR RESEARCH AND DEMONSTRATION ONLY. NOT A REAL PROCUREMENT RECORD OR DECISION. NO UAE GOVERNMENT COMMISSIONING OR ENDORSEMENT.
OFR-00966,REQ-0194,SUP-088,14.84,676,4,12,true,true,FICTIONAL AND SYNTHETIC — FOR RESEARCH AND DEMONSTRATION ONLY. NOT A REAL PROCUREMENT RECORD OR DECISION. NO UAE GOVERNMENT COMMISSIONING OR ENDORSEMENT.
OFR-00967,REQ-0194,SUP-071,11.20,815,25,24,true,true,FICTIONAL AND SYNTHETIC — FOR RESEARCH AND DEMONSTRATION ONLY. NOT A REAL PROCUREMENT RECORD OR DECISION. NO UAE GOVERNMENT COMMISSIONING OR ENDORSEMENT.
OFR-00968,REQ-0194,SUP-089,15.40,931,22,3,true,true,FICTIONAL AND SYNTHETIC — FOR RESEARCH AND DEMONSTRATION ONLY. NOT A REAL PROCUREMENT RECORD OR DECISION. NO UAE GOVERNMENT COMMISSIONING OR ENDORSEMENT.
OFR-00969,REQ-0194,SUP-023,12.04,423,1,12,true,true,FICTIONAL AND SYNTHETIC — FOR RESEARCH AND DEMONSTRATION ONLY. NOT A REAL PROCUREMENT RECORD OR DECISION. NO UAE GOVERNMENT COMMISSIONING OR ENDORSEMENT.
OFR-00970,REQ-0194,SUP-001,15.96,356,2,24,true,true,FICTIONAL AND SYNTHETIC — FOR RESEARCH AND DEMONSTRATION ONLY. NOT A REAL PROCUREMENT RECORD OR DECISION. NO UAE GOVERNMENT COMMISSIONING OR ENDORSEMENT.
OFR-00971,REQ-0195,SUP-030,61.10,64,1,24,true,true,FICTIONAL AND SYNTHETIC — FOR RESEARCH AND DEMONSTRATION ONLY. NOT A REAL PROCUREMENT RECORD OR DECISION. NO UAE GOVERNMENT COMMISSIONING OR ENDORSEMENT.
OFR-00972,REQ-0195,SUP-015,66.95,65,12,3,true,true,FICTIONAL AND SYNTHETIC — FOR RESEARCH AND DEMONSTRATION ONLY. NOT A REAL PROCUREMENT RECORD OR DECISION. NO UAE GOVERNMENT COMMISSIONING OR ENDORSEMENT.
OFR-00973,REQ-0195,SUP-004,72.15,68,2,3,true,true,FICTIONAL AND SYNTHETIC — FOR RESEARCH AND DEMONSTRATION ONLY. NOT A REAL PROCUREMENT RECORD OR DECISION. NO UAE GOVERNMENT COMMISSIONING OR ENDORSEMENT.
OFR-00974,REQ-0195,SUP-100,66.30,50,26,3,false,true,FICTIONAL AND SYNTHETIC — FOR RESEARCH AND DEMONSTRATION ONLY. NOT A REAL PROCUREMENT RECORD OR DECISION. NO UAE GOVERNMENT COMMISSIONING OR ENDORSEMENT.
OFR-00975,REQ-0195,SUP-039,53.30,83,11,18,true,true,FICTIONAL AND SYNTHETIC — FOR RESEARCH AND DEMONSTRATION ONLY. NOT A REAL PROCUREMENT RECORD OR DECISION. NO UAE GOVERNMENT COMMISSIONING OR ENDORSEMENT.
OFR-00976,REQ-0196,SUP-018,280.80,58,6,18,true,true,FICTIONAL AND SYNTHETIC — FOR RESEARCH AND DEMONSTRATION ONLY. NOT A REAL PROCUREMENT RECORD OR DECISION. NO UAE GOVERNMENT COMMISSIONING OR ENDORSEMENT.
OFR-00977,REQ-0196,SUP-066,223.60,47,35,18,true,true,FICTIONAL AND SYNTHETIC — FOR RESEARCH AND DEMONSTRATION ONLY. NOT A REAL PROCUREMENT RECORD OR DECISION. NO UAE GOVERNMENT COMMISSIONING OR ENDORSEMENT.
OFR-00978,REQ-0196,SUP-074,291.20,63,6,3,true,true,FICTIONAL AND SYNTHETIC — FOR RESEARCH AND DEMONSTRATION ONLY. NOT A REAL PROCUREMENT RECORD OR DECISION. NO UAE GOVERNMENT COMMISSIONING OR ENDORSEMENT.
OFR-00979,REQ-0196,SUP-006,273.00,52,33,24,false,true,FICTIONAL AND SYNTHETIC — FOR RESEARCH AND DEMONSTRATION ONLY. NOT A REAL PROCUREMENT RECORD OR DECISION. NO UAE GOVERNMENT COMMISSIONING OR ENDORSEMENT.
OFR-00980,REQ-0196,SUP-041,288.60,32,24,24,false,true,FICTIONAL AND SYNTHETIC — FOR RESEARCH AND DEMONSTRATION ONLY. NOT A REAL PROCUREMENT RECORD OR DECISION. NO UAE GOVERNMENT COMMISSIONING OR ENDORSEMENT.
OFR-00981,REQ-0197,SUP-069,1487.50,33,39,12,true,true,FICTIONAL AND SYNTHETIC — FOR RESEARCH AND DEMONSTRATION ONLY. NOT A REAL PROCUREMENT RECORD OR DECISION. NO UAE GOVERNMENT COMMISSIONING OR ENDORSEMENT.
OFR-00982,REQ-0197,SUP-032,1187.50,42,8,12,true,true,FICTIONAL AND SYNTHETIC — FOR RESEARCH AND DEMONSTRATION ONLY. NOT A REAL PROCUREMENT RECORD OR DECISION. NO UAE GOVERNMENT COMMISSIONING OR ENDORSEMENT.
OFR-00983,REQ-0197,SUP-096,1162.50,42,16,24,true,true,FICTIONAL AND SYNTHETIC — FOR RESEARCH AND DEMONSTRATION ONLY. NOT A REAL PROCUREMENT RECORD OR DECISION. NO UAE GOVERNMENT COMMISSIONING OR ENDORSEMENT.
OFR-00984,REQ-0197,SUP-047,1200.00,26,22,18,false,true,FICTIONAL AND SYNTHETIC — FOR RESEARCH AND DEMONSTRATION ONLY. NOT A REAL PROCUREMENT RECORD OR DECISION. NO UAE GOVERNMENT COMMISSIONING OR ENDORSEMENT.
OFR-00985,REQ-0197,SUP-002,1125.00,24,38,24,true,true,FICTIONAL AND SYNTHETIC — FOR RESEARCH AND DEMONSTRATION ONLY. NOT A REAL PROCUREMENT RECORD OR DECISION. NO UAE GOVERNMENT COMMISSIONING OR ENDORSEMENT.
OFR-00986,REQ-0198,SUP-083,2166.00,14,23,24,true,true,FICTIONAL AND SYNTHETIC — FOR RESEARCH AND DEMONSTRATION ONLY. NOT A REAL PROCUREMENT RECORD OR DECISION. NO UAE GOVERNMENT COMMISSIONING OR ENDORSEMENT.
OFR-00987,REQ-0198,SUP-053,2128.00,15,23,18,true,true,FICTIONAL AND SYNTHETIC — FOR RESEARCH AND DEMONSTRATION ONLY. NOT A REAL PROCUREMENT RECORD OR DECISION. NO UAE GOVERNMENT COMMISSIONING OR ENDORSEMENT.
OFR-00988,REQ-0198,SUP-011,1729.00,15,10,6,true,true,FICTIONAL AND SYNTHETIC — FOR RESEARCH AND DEMONSTRATION ONLY. NOT A REAL PROCUREMENT RECORD OR DECISION. NO UAE GOVERNMENT COMMISSIONING OR ENDORSEMENT.
OFR-00989,REQ-0198,SUP-048,1995.00,12,19,6,true,true,FICTIONAL AND SYNTHETIC — FOR RESEARCH AND DEMONSTRATION ONLY. NOT A REAL PROCUREMENT RECORD OR DECISION. NO UAE GOVERNMENT COMMISSIONING OR ENDORSEMENT.
OFR-00990,REQ-0198,SUP-078,2033.00,12,12,12,true,true,FICTIONAL AND SYNTHETIC — FOR RESEARCH AND DEMONSTRATION ONLY. NOT A REAL PROCUREMENT RECORD OR DECISION. NO UAE GOVERNMENT COMMISSIONING OR ENDORSEMENT.
OFR-00991,REQ-0199,SUP-052,15.12,328,4,24,true,true,FICTIONAL AND SYNTHETIC — FOR RESEARCH AND DEMONSTRATION ONLY. NOT A REAL PROCUREMENT RECORD OR DECISION. NO UAE GOVERNMENT COMMISSIONING OR ENDORSEMENT.
OFR-00992,REQ-0199,SUP-013,16.38,411,32,12,true,true,FICTIONAL AND SYNTHETIC — FOR RESEARCH AND DEMONSTRATION ONLY. NOT A REAL PROCUREMENT RECORD OR DECISION. NO UAE GOVERNMENT COMMISSIONING OR ENDORSEMENT.
OFR-00993,REQ-0199,SUP-060,12.74,301,11,24,true,true,FICTIONAL AND SYNTHETIC — FOR RESEARCH AND DEMONSTRATION ONLY. NOT A REAL PROCUREMENT RECORD OR DECISION. NO UAE GOVERNMENT COMMISSIONING OR ENDORSEMENT.
OFR-00994,REQ-0199,SUP-048,14.00,265,50,12,false,true,FICTIONAL AND SYNTHETIC — FOR RESEARCH AND DEMONSTRATION ONLY. NOT A REAL PROCUREMENT RECORD OR DECISION. NO UAE GOVERNMENT COMMISSIONING OR ENDORSEMENT.
OFR-00995,REQ-0199,SUP-071,15.82,340,42,6,true,true,FICTIONAL AND SYNTHETIC — FOR RESEARCH AND DEMONSTRATION ONLY. NOT A REAL PROCUREMENT RECORD OR DECISION. NO UAE GOVERNMENT COMMISSIONING OR ENDORSEMENT.
OFR-00996,REQ-0200,SUP-071,74.75,380,33,18,true,true,FICTIONAL AND SYNTHETIC — FOR RESEARCH AND DEMONSTRATION ONLY. NOT A REAL PROCUREMENT RECORD OR DECISION. NO UAE GOVERNMENT COMMISSIONING OR ENDORSEMENT.
OFR-00997,REQ-0200,SUP-005,76.05,341,39,24,true,true,FICTIONAL AND SYNTHETIC — FOR RESEARCH AND DEMONSTRATION ONLY. NOT A REAL PROCUREMENT RECORD OR DECISION. NO UAE GOVERNMENT COMMISSIONING OR ENDORSEMENT.
OFR-00998,REQ-0200,SUP-080,55.90,274,22,3,true,true,FICTIONAL AND SYNTHETIC — FOR RESEARCH AND DEMONSTRATION ONLY. NOT A REAL PROCUREMENT RECORD OR DECISION. NO UAE GOVERNMENT COMMISSIONING OR ENDORSEMENT.
OFR-00999,REQ-0200,SUP-006,76.05,188,26,3,true,true,FICTIONAL AND SYNTHETIC — FOR RESEARCH AND DEMONSTRATION ONLY. NOT A REAL PROCUREMENT RECORD OR DECISION. NO UAE GOVERNMENT COMMISSIONING OR ENDORSEMENT.
OFR-01000,REQ-0200,SUP-040,53.95,215,65,12,true,true,FICTIONAL AND SYNTHETIC — FOR RESEARCH AND DEMONSTRATION ONLY. NOT A REAL PROCUREMENT RECORD OR DECISION. NO UAE GOVERNMENT COMMISSIONING OR ENDORSEMENT.
